CREATE TABLE towns (
  id           INT(6) PRIMARY KEY NOT NULL,
  city         VARCHAR(32),
  ru_city      VARCHAR(32),
  coord_x      INT(6),
  coord_y      INT(6),
  coord_x_name INT(6),
  coord_y_name INT(6)
);

INSERT INTO towns VALUES
  (1, 'aksay', 'Аксай', 173, 459, 185, 465),
  (2, 'bataysk', 'Батайск', 160, 480, 173, 486),
  (3, 'belaya kalitva', 'Белая Калитва', 275, 320, 287, 327),
  (4, 'gukovo', 'Гуково', 190, 335, 115, 340),
  (5, 'doneck', 'Донецк', 190, 290, 110, 295),
  (6, 'zverevo', 'Зверево', 212, 340, 223, 347),
  (7, 'kamensk', 'Каменск', 220, 300, 231, 307),
  (8, 'millerovo', 'Миллерово', 235, 200, 247, 206),
  (9, 'salsk', 'Сальск', 355, 580, 367, 587),
  (10, 'cimlyansk', 'Цимлянск', 410, 400, 421, 406),
  (11, 'shachti', 'Шахты', 200, 385, 211, 391);


CREATE TABLE boiler (
  id      INT(6) PRIMARY KEY NOT NULL,
  name    VARCHAR(64),
  town    INT(6),
  address VARCHAR(64),
  tel     VARCHAR(16),
  CONSTRAINT boiler_towns_fk FOREIGN KEY (town) REFERENCES towns (id)
);

INSERT INTO boiler VALUES
  (1, 'Котельная №1', 1, 'ул.Дружбы, 7-б г.Аксай', ''),
  (2, 'Котельная №2', 1, 'ул. Дружбы, 15 г.Аксай', NULL),
  (3, 'Котельная №3', 1, 'ул.Вартанова, 15 а г.Аксай', NULL),
  (4, 'Котельная №4 ', 1, 'ул.Садовая, 14-в г.Аксай', NULL),
  (5, 'Котельная №5', 1, 'просп. Ленина, 28 г.Аксай', NULL),
  (6, 'Котельная №6', 1, 'ул.Чапаева, 295 а г.Аксай', NULL),
  (7, 'Котельная №7', 1, 'ул.Гулаева, 131 г.Аксай', NULL),
  (8, 'Котельная №8', 1, 'ул.Садовая, 20/7 г.Аксай', NULL),
  (9, 'Котельная №14', 1, 'ул.Онучкина,30 х.Ленина', NULL),
  (10, 'Котельная №12', 1, 'ул.Советская, 87 хут. Верхнеподпольный', NULL),
  (11, 'Котельная №13', 1, 'ул.Кирова, 83 хут.Островский', NULL),
  (12, 'Котельная №11', 1, 'ул. Советская, 21-б пос.Дивный', NULL),
  (13, 'Котельная №10', 1, 'ул.Пушкина, 47-а хут.Большой Лог', NULL),
  (14, 'Котельная №9', 1, 'ул.Садовая, 27 пос.Реконструктор', NULL),
  (15, 'Котельная №18', 1, 'ул.Максима Горького,1-а пос.Октябрьский', NULL),
  (16, 'Котельная №15', 1, 'ул.Институтская,32 пос.Рассвет', NULL),
  (17, 'Котельная №16', 1, 'ул.Институтская,32 пос.Рассвет', NULL),
  (18, 'Котельная №17', 1, 'ул.Производственная, 7 пос.Красный Колос', NULL),
  (19, 'Котельная №19', 1, 'ул.Советская, дом №73 х.Большой Лог', NULL),
  (20, 'Котельная №16', 1, 'ул.Комсомольская, 71пос.Рассвет', NULL),
  (21, 'ул.Ленина, 2-в г.Батайск', 2, 'ул.Ленина, 2-в г.Батайск', NULL),
  (22, 'ул.Комсомольская, 113-б г.Батайск', 2, 'ул.Комсомольская, 113-б г.Батайск', NULL),
  (23, 'ул. Индустриальная, 7-а г.Батайск', 2, 'ул. Индустриальная, 7-а г.Батайск', NULL),
  (24, 'ул. Луначарского, 168-а г.Батайск', 2, 'ул. Луначарского, 168-а г.Батайск', NULL),
  (25, 'пер.Ростовский, 1-а г.Батайск', 2, 'пер.Ростовский, 1-а г.Батайск', NULL),
  (26, 'пер.Городской, 20-а г.Батайск', 2, 'пер.Городской, 20-а г.Батайск', NULL),
  (27, 'ул.Энгельса, 174 б г.Батайск', 2, 'ул.Энгельса, 174 б г.Батайск', NULL),
  (28, 'ул. Вильямса, 2 б г.Батайск', 2, 'ул. Вильямса, 2 б г.Батайск', NULL),
  (29, 'ул. Куйбышева, 140/1 г.Батайск', 2, 'ул. Куйбышева, 140/1 г.Батайск', NULL),
  (30, 'ул.Пролетарская, 100а г.Батайск', 2, 'ул.Пролетарская, 100а г.Батайск', NULL),
  (31, 'ул. Мелиораторов, 2а г.Батайск', 2, 'ул. Мелиораторов, 2а г.Батайск', NULL),
  (32, 'ул.50 лет Октября, 71а г.Батайск', 2, 'ул.50 лет Октября, 71а г.Батайск', NULL),
  (33, 'ул.Воровского, 49а г.Батайск', 2, 'ул.Воровского, 49а г.Батайск', NULL),
  (34, 'ул. Луначарского, 191 б г.Батайск', 2, 'ул. Луначарского, 191 б г.Батайск', NULL),
  (35, 'ул.Пушкина, 1 б г.Батайск', 2, 'ул.Пушкина, 1 б г.Батайск', NULL),
  (36, 'ул.Гайдара, 6 г.Батайск', 2, 'ул.Гайдара, 6 г.Батайск', NULL),
  (37, 'пер. Литейный, 8а г.Батайск', 2, 'пер. Литейный, 8а г.Батайск', NULL),
  (38, 'пер.Парковый, 11а г.Батайск', 2, 'пер.Парковый, 11а г.Батайск', NULL),
  (39, 'ул. Коммунистическая, 88а / ул.Иноземцева, 23 г.Батайск', 2, 'ул. Коммунистическая, 88а / ул.Иноземцева, 23 г.Батайск', NULL),
  (40, 'ул.Киевская, 86/1 г.Батайск', 2, 'ул.Киевская, 86/1 г.Батайск', NULL),
  (41, 'ул.Комарова, 175а г.Батайск', 2, 'ул.Комарова, 175а г.Батайск', NULL),
  (42, 'ул.Рабочая, 70а г.Батайск', 2, 'ул.Рабочая, 70а г.Батайск', NULL),
  (43, 'ул.Талалихина, 47 г.Батайск', 2, 'ул.Талалихина, 47 г.Батайск', NULL),
  (44, 'ш. Сальское, 1-б г.Батайск', 2, 'ш. Сальское, 1-б г.Батайск', NULL),
  (45, 'ул.М.Горького, 358к г.Батайск', 2, 'ул.М.Горького, 358к г.Батайск', NULL),
  (46, 'ул.Ленина, 2 г.Батайск', 2, 'ул.Ленина, 2 г.Батайск', NULL),
  (47, 'ул.Мечникова, дом 41 г.Ростов-на-Дону', 2, 'ул.Мечникова, дом 41 г.Ростов-на-Дону', NULL),
  (48, 'ул.Белостокская, 33б г.Ростов-на-Дону', 2, 'ул.Белостокская, 33б г.Ростов-на-Дону', NULL),
  (49, 'ул. Пойменная,2а г.Ростов-на-Дону', 2, 'ул. Пойменная,2а г.Ростов-на-Дону', NULL),
  (50, 'Котельная №1', 3, 'ул. Калинина, 20б г.Белая Калитва', NULL),
  (51, 'Котельная №2', 3, 'ул.Совхозная, 2н г.Белая Калитва', NULL),
  (52, 'Котельная №3', 3, 'ул.М.Горького, 167б г.Белая Калитва', NULL),
  (53, 'Котельная №4', 3, 'ул.Буденного, 1а п.Сосны', NULL),
  (54, 'Котельная №5', 3, 'ул. Комарова, 2Г г.Белая Калитва', NULL),
  (55, 'Котельная №6', 3, 'ул. Крайняя, 1-а г.Белая Калитва', NULL),
  (56, 'Котельная №20', 3, 'ул. Социалистическая, 1Б рп. Шолоховский', NULL),
  (57, 'Котельная №28', 3, 'ул. Маяковского, 17а рп. Шолоховский', NULL),
  (58, 'Котельная №35', 3, 'ул.Чапаева, 3а рп. Шолоховский', NULL),
  (59, 'Котельная №34', 3, 'ул. Железнодорожная, 2 рп. Шолоховский', NULL),
  (60, 'Котельная №17', 3, 'ул.Театральная, 22 п.Горняцкий', NULL),
  (61, 'Котельная №11', 3, 'ул.Макарова, 9а п. Синегорский', NULL),
  (62, 'Котельная №13', 3, 'ул.Щаденко, 5 п. Коксовый', NULL),
  (63, 'Котельная №18', 3, 'ул.Центральная, 53 с.Литвиновка', NULL),
  (64, 'Котельная №14', 3, 'ул.Заповедная, 14-а х.Бондарный', NULL),
  (65, 'Котельная №12', 3, 'ул.Орлова, 26 х.Голубинка', NULL),
  (66, 'Котельная №75, п.ш. Антрацит', 4, 'ул.Ковалева, дом 23 г.Гуково', NULL),
  (67, 'Котельная №6, п.ш.Ростовская', 4, 'ул.Колодезная, дом 59-а г.Гуково', NULL),
  (68, 'Котельная №11, п.ш.Гуковская', 4, 'ул.Карла Маркса, дом 97-а г.Гуково', NULL),
  (69, 'Котельная №16, п.ш. Гуковская', 4, 'ул. Бургустинская, 17-а г.Гуково', NULL),
  (70, 'Котельная №17,  п.ш. Гуковская', 4, 'ул.Герцена, 129-б / ул.Киевская, дом 80-б г.Гуково', NULL),
  (71, 'Котельная №18, \r п.ш. Гуковская', 4, 'ул. Некрасова, 73-а г.Гуково', NULL),
  (72, 'Котельная №20, п.ш. Гуковская, ГПТУ', 4, 'ул.Строителей, 17 г.Гуково', NULL),
  (73, 'Котельная №21,\r п.ш. Гуковская, пр/пл', 4, 'ул.Бетонная, 24 - ул.Крупской, 60-а г.Гуково', NULL),
  (74, 'Котельная №20, п.ш. Октябрьская', 4, 'ул.Володарского, 17-а г.Гуково', NULL),
  (75, 'Котельная №15, п.ш. Гуковская', 4, 'пер.Краснодонецкий,  9-б г.Гуково', NULL),
  (76, 'Котельная № 9', 4, 'ул.Пожарского. 4-б г.Гуково', NULL),
  (77, 'Котельная №15', 4, 'пер.Ардынцева, 31 мкр.Алмазный, г.Гуково', NULL),
  (78, 'Котельная №16', 4, 'пер.Ардынцева, 12-а мкр.Алмазный г.Гуково', NULL),
  (79, 'Котельная №15', 4, 'ул.Кооперативная, 2-а г.Гуково', NULL),
  (80, 'Котельная №21', 4, 'ул.Красная Горка, 86-а г.Гуково', NULL),
  (81, 'Котельная №31', 4, 'ул.Буденного,1-а г.Гуково', NULL),
  (82, 'Котельная №41', 4, 'ул.Молодежная, 53-б г.Гуково', NULL),
  (83, 'Котельная №84', 4, 'ул.Ковалева, 23-а г.Гуково', NULL),
  (84, 'Котельная №12', 4, 'ул.Пушкина, 79-а г.Гуково', NULL),
  (85, 'Котельная', 9, 'ул.Кузнечная, 102-а г.Сальск', NULL),
  (86, 'Котельная', 9, 'ул.Павлова, 2 г.Сальск', NULL),
  (87, 'Котельная', 9, 'ул.Халтурина, 21г.Сальск', NULL),
  (88, 'Котельная', 9, 'пер.Морской, 1 г.Сальск', NULL),
  (89, 'Котельная', 9, 'ул.Береговая, 2\"а\" г.Сальск', NULL),
  (90, 'Котельная', 9, 'ул.Коломийцева, с128 г.Сальск', NULL),
  (91, 'Котельная', 9, 'ул.Промышленная, 2/3\"а\" г.Сальск', NULL),
  (92, 'Котельная', 9, 'ул.Московская,14 г.Сальск', NULL),
  (93, 'Котельная', 9, 'ул.Родниковая, 4 г.Сальск', NULL),
  (94, 'Котельная', 9, 'ул.Комсомольская, 37 п.Гигант', NULL),
  (95, 'Котельная', 9, 'ул.Седова, 1-а/131-а г.Сальск', NULL),
  (96, 'Котельная', 9, 'ул.Кутузова, 1-д г.Сальск', NULL),
  (97, 'Котельная', 9, 'ул.Верхняя, 178-а г.Сальск', NULL),
  (98, 'Котельная', 9, 'ул.Учебная, с31\"а\" п.Гигант', NULL),
  (99, 'Котельная', 9, 'ул.Ленина, 14-а с.Новый Егорлык', NULL),
  (100, 'Котельная', 9, 'ул. Столбовая, 88 г.Сальск', NULL),
  (101, 'Котельная', 9, 'ул.Крымского, 32 г.Сальск', NULL),
  (102, 'Котельная', 9, 'ул.Куйбышева, 28 г.Сальск', NULL),
  (103, 'Котельная', 9, 'ул.Ленина, 3 Конзавод им.Буденного', NULL),
  (104, 'Котельная', 9, 'ул.Самохвалова, 6 Конзавод им.Буденного', NULL),
  (105, 'Котельная', 9, 'ул.Школьная, 16-а п.Приречный', NULL),
  (106, 'Котельная', 9, 'пер.Южный, 6 п.Юловский', NULL),
  (107, 'Котельная №1', 10, 'ул. Чехова, 14 б г.Цимлянск', NULL),
  (108, 'Котельная №2', 10, 'ул. Московская, 61а г.Цимлянск', NULL),
  (109, 'Котельная №3', 10, 'ул. Энгельса, 20а г.Цимлянск', NULL),
  (110, 'Котельная №4', 10, 'ул.Юбилейная, 2а п.Сосенки', NULL),
  (111, 'Котельная №5', 10, 'ул. Свердлова, 112а г.Цимлянск', NULL),
  (112, 'Котельная №6', 10, 'ул.Социалистическая, 2в п.Саркел', NULL),
  (113, 'Котельная №7', 10, 'ул.Победы, 106 б ст-ца Красноярская', NULL),
  (114, 'Котельная №8', 10, 'ул.Аббясева, 92а х. Лозной', NULL),
  (115, 'Котельная №14', 10, 'ул. Центральная, 17а х.Антонов', NULL),
  (116, 'Котельная №15', 10, 'ул.Молодежная, 58а ст-ца Калининская', NULL),
  (117, 'Котельная №20', 10, 'ул. Советская, дом №64а г.Цимлянск', NULL),
  (118, 'Котельная №16', 10, 'ул. Крупская, дом №24', NULL),
  (119, 'Котельная №17', 10, 'ул. Краснознаменная, дом №83', NULL),
  (120, 'Котельная №9', 10, 'пер. Школьный, дом №4В', NULL),
  (121, 'Котельная №12', 10, 'ул.Гагарина, 2-а ст. Красноярская', NULL),
  (122, 'Котельная №13', 10, 'ул. Победы, 130 ст. Красноярская', NULL),
  (123, 'Котельная 18', 11, 'ул.Советская 252, г.Шахты', NULL),
  (124, 'Котельная 26', 11, 'пер.Горняк 6а, .Шахты', NULL),
  (125, 'Котельная 35', 11, 'ул.Мечникова 3в, г.Шахты', NULL),
  (126, 'Котельная 1', 11, 'ул.Садовая 13, г.Шахты', NULL),
  (127, 'Котельная 14', 11, 'ул.Пушкина 18, г.Шахты', NULL),
  (128, 'Котельная 15', 11, 'ул.Ленина 192, г.Шахты', NULL),
  (129, 'Котельная 22', 11, 'ул.Советская 233, г.Шахты', NULL),
  (130, 'Котельная 33', 11, 'ул.Халтурина 70, г.Шахты', NULL),
  (131, 'Котельная 34', 11, 'ул.Ленина 90Б, г,Шахты', NULL),
  (132, 'Котельная 5', 11, 'ул.Маяковского 59, г.Шахты', NULL),
  (133, 'Котельная 23', 11, 'ул.К.Маркса 112а, г.Шахты', NULL),
  (134, 'Котельная 29', 11, 'ул.Советская 121, г.Шахты', NULL),
  (135, 'Котельная 13', 11, 'ул.Советская 175, г.Шахты', NULL),
  (136, 'Котельная 22', 11, 'ул.Шевченко 135, г.Шахты', NULL);

CREATE TABLE control_objects (
  id                INT(10) PRIMARY KEY NOT NULL,
  name              VARCHAR(64),
  address           VARCHAR(64),
  town              VARCHAR(64),
  tel               VARCHAR(64),
  dev_model         VARCHAR(64),
  startdt           DATETIME,
  stopdt            DATETIME,
  isincludedinquery TINYINT,
  isqueryfinished   TINYINT,
  archive_num       VARCHAR(16),
  incr_step         INT(4)
);

INSERT INTO control_objects VALUES
  (1, 'Oktaybrskyi_Gorkovo', 'Oktaybrskyi_Gorkovo', 'aksay', '+79188522167', 'SPT_961.2', '2013-11-17 21:00:45', '2013-11-01 00:00:00', 1, 0, '1000', 301),
  (2, 'Rekonstructor_Sadovoya', 'Rekonstructor_Sadovoya', 'aksay', '+79188522153', 'SPT_961.2', '2013-11-17 21:00:45', '2013-11-01 00:00:00', 1, 0, '1000', 301),
  (3, 'B_Log1_Pushkina', 'B_Log1_Pushkina', 'aksay', '+79188522165', 'SPT_961.2', '2013-11-17 21:00:45', '2013-11-01 00:00:00', 1, 0, '1000', 301),
  (4, 'B_Log2_Sovetskaya', 'B_Log2_Sovetskaya', 'aksay', '+79188522157', 'SPT_961.2', '2013-11-17 21:00:45', '2013-11-01 00:00:00', 1, 0, '1000', 301),
  (5, 'Rassvet2_Komsomolskaya', 'Rassvet2_Komsomolskaya', 'aksay', '+79188522170', 'SPT_961.2', '2013-11-17 21:00:45', '2013-11-01 00:00:00', 1, 0, '1000', 301),
  (6, 'Lenina_Onuchkina', 'Lenina_Onuchkina', 'aksay', '+79188522174', 'SPT_961.2', '2013-11-17 21:00:45', '2013-11-01 00:00:00', 1, 0, '1000', 301),
  (7, 'Grebnoi_Kanal', 'Grebnoi_Kanal', 'bataysk', '+79896367831', 'SPT_961.2', '2013-11-17 21:00:45', '2013-11-01 00:00:00', 1, 0, '1000', 301),
  (8, 'Rodnikovaya', 'Rodnikovaya', 'salsk', '+79281645198', 'SPT_961.2', '2013-11-17 21:00:45', '2013-11-01 00:00:00', 1, 0, '1000', 301),
  (9, 'Stolbovaya', 'Stolbovaya', 'salsk', '+79281645479', 'SPT_961.2', '2013-11-17 21:00:45', '2013-11-01 00:00:00', 1, 0, '1000', 301),
  (10, 'Samochvalova', 'Samochvalova', 'salsk', '+79281645839', 'SPT_961.2', '2013-11-17 21:00:45', '2013-11-01 00:00:00', 1, 1, '1000', 301),
  (11, 'Lenina 3', 'Lenina 3', 'salsk', '+79281645842', 'SPT_961.2', '2013-11-17 21:00:45', '2013-11-01 00:00:00', 1, 0, '1000', 301),
  (12, 'Krimskogo', 'Krimskogo', 'salsk', '+79281646546', 'SPT_961.2', '2013-11-17 21:00:45', '2013-11-01 00:00:00', 1, 0, '1000', 301),
  (13, 'Beregovaya', 'Beregovaya', 'salsk', '+79281646771', 'SPT_961.2', '2013-11-17 21:00:45', '2013-11-01 00:00:00', 1, 0, '1000', 301),
  (14, 'Kolomiyceva', 'Kolomiyceva', 'salsk', '+79281645735', 'SPT_961.2', '2013-11-17 21:00:45', '2013-11-01 00:00:00', 1, 0, '1000', 301),
  (15, 'Kuybicheva', 'Kuybicheva', 'salsk', '+79281645667', 'SPT_961.2', '2013-11-17 21:00:45', '2013-11-01 00:00:00', 1, 0, '1000', 301),
  (16, 'Engelsa', 'Engelsa', 'bataysk', '+79896367830', 'SPT_961.2', '2013-11-17 21:00:45', '2013-11-01 00:00:00', 1, 0, '1000', 301),
  (17, 'Mechnikova', 'Mechnikova', 'bataysk', '+79896367834', 'SPT_961.2', '2013-11-17 21:00:45', '2013-11-01 00:00:00', 1, 0, '1000', 301),
  (18, 'Belostokskaya', 'Belostokskaya', 'bataysk', '+79896367835', 'SPT_961.2', '2013-11-17 21:00:45', '2013-11-01 00:00:00', 1, 0, '1000', 301),
  (19, 'Gorodskoy', 'Gorodskoy', 'bataysk', '+79896367836', 'SPT_961.2', '2013-11-17 21:00:45', '2013-11-01 00:00:00', 1, 0, '1000', 301),
  (20, 'Williamsa', 'Williamsa', 'bataysk', '+79885706383', 'SPT_961.2', '2013-11-17 21:00:45', '2013-11-01 00:00:00', 1, 0, '1000', 301),
  (21, 'Proletarskaya', 'Proletarskaya', 'bataysk', '+79885708185', 'SPT_961.2', '2013-11-17 21:00:45', '2013-11-01 00:00:00', 1, 0, '1000', 301),
  (22, 'Melioratorov', 'Melioratorov', 'bataysk', '+79885708186', 'SPT_961.2', '2013-11-17 21:00:45', '2013-11-01 00:00:00', 1, 0, '1000', 301),
  (23, '50_Let_Octaybria', '50_Let_Octaybria', 'bataysk', '+79885708187', 'SPT_961.2', '2013-11-17 21:00:45', '2013-11-01 00:00:00', 1, 0, '1000', 301),
  (24, 'Liteiniy', 'Liteiniy', 'bataysk', '+79885706382', 'SPT_961.2', '2013-11-17 21:00:45', '2013-11-01 00:00:00', 1, 0, '1000', 301),
  (25, 'Kievskaya', 'Kievskaya', 'bataysk', '+79896367832', 'SPT_961.2', '2013-11-17 21:00:45', '2013-11-01 00:00:00', 1, 0, '1000', 301),
  (26, 'Salskoe', 'Salskoe', 'bataysk', '+79896367837', 'SPT_961.2', '2013-11-17 21:00:45', '2013-11-01 00:00:00', 1, 0, '1000', 301),
  (27, 'Gorkovo', 'Gorkovo', 'bataysk', '+79896367833', 'SPT_961.2', '2013-11-17 21:00:45', '2013-11-01 00:00:00', 1, 0, '1000', 301),
  (28, 'Kusnechnaya', 'Kusnechnaya', 'salsk', '+79885600528', 'SPT_961.2', '2013-11-17 21:00:45', '2013-11-01 00:00:00', 1, 0, '1000', 301),
  (29, 'Promuchlennaya_Teplo', 'Promuchlennaya_Teplo', 'salsk', '+79885600587', 'SPT_11500', '2013-11-17 21:00:45', '2013-11-01 00:00:00', 1, 0, '1000', 301),
  (30, 'Promuchlennaya_GVS', 'Promuchlennaya_GVS', 'salsk', '+79885607150', 'SPT_961.2', '2013-11-17 21:00:45', '2013-11-01 00:00:00', 1, 0, '1000', 301),
  (31, 'Halturina', 'Halturina', 'salsk', '+79885600527', 'SPT_961.M', '2013-11-17 21:00:45', '2013-11-01 00:00:00', 1, 0, '1000', 301),
  (32, 'Kotelnaya_18', 'Kotelnaya_18', 'bk', '+79281886683', 'SPT_961.2', '2013-11-17 21:00:45', '2013-11-01 00:00:00', 1, 0, '1000', 301),
  (33, 'Kotelnaya_15_Koop_2a', 'Kotelnaya_15_Koop_2a', 'gukovo', '+79896367823', 'SPT_961.2', '2013-11-17 21:00:45', '2013-11-01 00:00:00', 1, 0, '1000', 301),
  (34, 'Komsomolskaya', 'Komsomolskaya', 'bataysk', '+79185962481', 'SPT_961.2', '2013-11-17 21:00:45', '2013-11-01 00:00:00', 1, 0, '1000', 301),
  (35, 'Lunacharskogo_191', 'Lunacharskogo_191', 'bataysk', '+79185962498', 'SPT_961.2', '2013-11-17 21:00:45', '2013-11-01 00:00:00', 1, 0, '1000', 301),
  (36, 'Pushkina', 'Pushkina', 'bataysk', '+79185962478', 'SPT_961.2', '2013-11-17 21:00:45', '2013-11-01 00:00:00', 1, 0, '1000', 301),
  (37, 'Kotel_21_Kr_Gorka', 'Kotel_21_Kr_Gorka', 'gukovo', '+79896367828', 'SPT_961.2', '2013-11-17 21:00:45', '2013-11-01 00:00:00', 1, 0, '1000', 301),
  (38, 'Kotel_9_Pojarskogo', 'Kotel_9_Pojarskogo', 'gukovo', '+79896367826', 'SPT_961.2', '2013-11-17 21:00:45', '2013-11-01 00:00:00', 1, 0, '1000', 301),
  (39, 'Kotel_16_Ardunceva', 'Kotel_16_Ardunceva', 'gukovo', '+79896367825', 'SPT_961.2', '2013-11-17 21:00:45', '2013-11-01 00:00:00', 1, 0, '1000', 301),
  (40, 'Kotel_12_Puchkina', 'Kotel_12_Puchkina', 'gukovo', '+79896367827', 'SPT_961.2', '2013-11-17 21:00:45', '2013-11-01 00:00:00', 1, 0, '1000', 301),
  (41, 'Kotel_11_Makarova', 'Kotel_11_Makarova', 'bk', '+79896347371', 'SPT_961.M', '2013-11-17 21:00:45', '2013-11-01 00:00:00', 1, 0, '1000', 301),
  (42, 'Kotel_13_Chadenko', 'Kotel_13_Chadenko', 'bk', '+79896347380', 'SPT_961.M', '2013-11-17 21:00:45', '2013-11-01 00:00:00', 1, 0, '1000', 301),
  (43, 'Kotel_14_Zapovednaya', 'Kotel_14_Zapovednaya', 'bk', '+79896347374', 'SPT_961.2', '2013-11-17 21:00:45', '2013-11-01 00:00:00', 1, 0, '1000', 301),
  (44, 'Kotel_20_Socialisticheskaya', 'Kotel_20_Socialisticheskaya', 'bk', '+79896347372', 'SPT_961.M', '2013-11-17 21:00:45', '2013-11-01 00:00:00', 1, 0, '1000', 301),
  (45, 'Kotel_28_Mayakovskogo', 'Kotel_28_Mayakovskogo', 'bk', '+79896347365', 'SPT_961.2', '2013-11-17 21:00:45', '2013-11-01 00:00:00', 1, 0, '1000', 301),
  (46, 'Kotel_35_Chapaeva', 'Kotel_35_Chapaeva', 'bk', '+79896347375', 'SPT_961.2', '2013-11-17 21:00:45', '2013-11-01 00:00:00', 1, 0, '1000', 301),
  (47, 'Kotel_34_Jelesnodoroshnaya', 'Kotel_34_Jelesnodoroshnaya', 'bk', '+79896347364', 'SPT_961.M', '2013-11-17 21:00:45', '2013-11-01 00:00:00', 1, 0, '1000', 301),
  (48, 'Kotel_17_Teatralnaya', 'Kotel_17_Teatralnaya', 'bk', '+79281638807', 'SPT_961.2', '2013-11-17 21:00:45', '2013-11-01 00:00:00', 1, 0, '1000', 301),
  (49, 'Kotel_18_Centralnaya', 'Kotel_18_Centralnaya', 'bk', '+79281638383', 'SPT_961.2', '2013-11-17 21:00:45', '2013-11-01 00:00:00', 1, 0, '1000', 301),
  (50, 'Kotel_6_Kraynaya', 'Kotel_6_Kraynaya', 'bk', '+79281638536', 'SPG_741', '2013-11-17 21:00:45', '2013-11-01 00:00:00', 1, 0, '1000', 301),
  (51, 'Kotel_20_Socialisticheskaya', 'Kotel_20_Socialisticheskaya', 'bk', '+79281638940', 'SPG_741', '2013-11-17 21:00:45', '2013-11-01 00:00:00', 1, 0, '1000', 301),
  (52, 'Kotel_28_Mayakovskogo', 'Kotel_28_Mayakovskogo', 'bk', '+79281638829', 'SPG_741', '2013-11-17 21:00:45', '2013-11-01 00:00:00', 1, 0, '1000', 301),
  (53, 'Kotel_35_Chapaeva', 'Kotel_35_Chapaeva', 'bk', '+79281639035', 'SPG_741', '2013-11-17 21:00:45', '2013-11-01 00:00:00', 1, 0, '1000', 301),
  (54, 'Kotel_34_Jelesnodoroshnaya', 'Kotel_34_Jelesnodoroshnaya', 'bk', '+79281638344', 'SPG_741', '2013-11-17 21:00:45', '2013-11-01 00:00:00', 1, 0, '1000', 301),
  (55, 'Kotel_17_Teatralnaya', 'Kotel_17_Teatralnaya', 'bk', '+79281638497', 'SPG_741', '2013-11-17 21:00:45', '2013-11-01 00:00:00', 1, 0, '1000', 301),
  (56, 'Kotel_11_Makarova', 'Kotel_11_Makarova', 'bk', '+79281638661', 'SPG_741', '2013-11-17 21:00:45', '2013-11-01 00:00:00', 1, 0, '1000', 301),
  (57, 'Kotel_13_Chadenko', 'Kotel_13_Chadenko', 'bk', '+79281639023', 'SPG_741', '2013-11-17 21:00:45', '2013-11-01 00:00:00', 1, 0, '1000', 301),
  (58, 'Kotel_1_Kalinina', 'Kotel_1_Kalinina', 'bk', '+79281638297', 'SPG_741', '2013-11-17 21:00:45', '2013-11-01 00:00:00', 1, 0, '1000', 301),
  (59, 'Lunacharskogo_168_a', 'Lunacharskogo_168_a', 'bataysk', '+79185962493', 'SPT_961.2', '2013-11-17 21:00:45', '2013-11-01 00:00:00', 1, 0, '1000', 301),
  (60, 'Kuibicheva_140', 'Kuibicheva_140', 'bataysk', '+79185962501', 'SPT_961.2', '2013-11-17 21:00:45', '2013-11-01 00:00:00', 1, 0, '1000', 301),
  (61, 'Komarova_175_a', 'Komarova_175_a', 'bataysk', '+79185962507', 'SPT_961.2', '2013-11-17 21:00:45', '2013-11-01 00:00:00', 1, 0, '1000', 301),
  (62, 'Rabochaya_70_a', 'Rabochaya_70_a', 'bataysk', '+79185962486', 'SPT_961.2', '2013-11-17 21:00:45', '2013-11-01 00:00:00', 1, 0, '1000', 301),
  (63, 'Kotel_1_Druchbi_GVS', 'Kotel_1_Druchbi_GVS', 'aksay', '+79885104861', 'SPT_961.2', '2013-11-17 21:00:45', '2013-11-01 00:00:00', 1, 1, '1000', 301),
  (64, 'Kotel_1_Druchbi_UUTE', 'Kotel_1_Druchbi_UUTE', 'aksay', '+79885104765', 'SPT_961.2', '2013-11-17 21:00:45', '2013-11-01 00:00:00', 1, 1, '1000', 301),
  (65, 'Kotel_2_Druchbi_GVS', 'Kotel_2_Druchbi_GVS', 'aksay', '+79885104854', 'SPT_961.2', '2013-11-17 21:00:45', '2013-11-01 00:00:00', 1, 0, '1000', 301),
  (66, 'Kotel_3_Vartanova', 'Kotel_3_Vartanova', 'aksay', '+79885104933', 'SPT_961.2', '2013-11-17 21:00:45', '2013-11-01 00:00:00', 1, 0, '1000', 301),
  (67, 'Kotel_7_Gulaeva', 'Kotel_7_Gulaeva', 'aksay', '+79885104934', 'SPT_961.2', '2013-11-17 21:00:45', '2013-11-01 00:00:00', 1, 0, '1000', 301),
  (68, 'Kotel_8_Sadovaya_GVS', 'Kotel_8_Sadovaya_GVS', 'aksay', '+79885104761', 'SPT_961.2', '2013-11-17 21:00:45', '2013-11-01 00:00:00', 1, 0, '1000', 301),
  (69, 'Kotel_8_Sadovaya_UUTE', 'Kotel_8_Sadovaya_UUTE', 'aksay', '+79885104936', 'SPT_961.2', '2013-11-17 21:00:45', '2013-11-01 00:00:00', 1, 0, '1000', 301),
  (70, 'Kotel_16_Institutskaya_GVS', 'Kotel_16_Institutskaya_GVS', 'aksay', '+79885104932', 'SPT_961.2', '2013-11-17 21:00:45', '2013-11-01 00:00:00', 1, 0, '1000', 301),
  (71, 'Kotel_16_Institutskaya_UUTE', 'Kotel_16_Institutskaya_UUTE', 'aksay', '+79885104931', 'SPT_961.2', '2013-11-17 21:00:45', '2013-11-01 00:00:00', 1, 0, '1000', 301),
  (72, 'Kotel_18_Proisvodstvennaya', 'Kotel_18_Proisvodstvennaya', 'aksay', '+79885104930', 'SPT_961.2', '2013-11-17 21:00:45', '2013-11-01 00:00:00', 1, 0, '1000', 301),
  (73, 'Kotel_3_Gorkovo', 'Kotel_3_Gorkovo', 'bk', '+79281628065', 'SPG_741', '2013-11-17 21:00:45', '2013-11-01 00:00:00', 1, 0, '1000', 301),
  (74, 'Kotel_3_Gorkovo', 'Kotel_3_Gorkovo', 'bk', '+79896347376', 'SPT_961.2', '2013-11-17 21:00:45', '2013-11-01 00:00:00', 1, 0, '1000', 301),
  (75, 'Kotel_2_Sovchoznaya', 'Kotel_2_Sovchoznaya', 'bk', '+79281638942', 'SPG_741', '2013-11-17 21:00:45', '2013-11-01 00:00:00', 1, 0, '1000', 301),
  (76, 'Kotel_2_Sovchoznaya', 'Kotel_2_Sovchoznaya', 'bk', '+79896347362', 'SPT_961.2', '2013-11-17 21:00:45', '2013-11-01 00:00:00', 1, 0, '1000', 301),
  (77, 'Kotel_5_Komarova', 'Kotel_5_Komarova', 'bk', '+79281638676', 'SPG_741', '2013-11-17 21:00:45', '2013-11-01 00:00:00', 1, 0, '1000', 301),
  (78, 'Kotel_5_Komarova', 'Kotel_5_Komarova', 'bk', '+79896347377', 'SPT_961.2', '2013-11-17 21:00:45', '2013-11-01 00:00:00', 1, 0, '1000', 301),
  (79, 'Kotel_6_Kraynaya', 'Kotel_6_Kraynaya', 'bk', '+79896347379', 'SPT_961.2', '2013-11-17 21:00:45', '2013-11-01 00:00:00', 1, 0, '1000', 301),
  (80, 'Kotel_1_Kalinina', 'Kotel_1_Kalinina', 'bk', '+79885514281', 'SPT_961.0', '2013-11-17 21:00:45', '2013-11-01 00:00:00', 1, 0, '1000', 301),
  (81, 'Kotel_4_Budenogo', 'Kotel_4_Budenogo', 'bk', '+79281638504', 'SPG_741', '2013-11-17 21:00:45', '2013-11-01 00:00:00', 1, 0, '1000', 301),
  (82, 'Kotel_4_Budenogo', 'Kotel_4_Budenogo', 'bk', '+79896347381', 'SPT_961.2', '2013-11-17 21:00:45', '2013-11-01 00:00:00', 1, 0, '1000', 301),
  (83, 'Kotel_2_Druchbi_UUTE', 'Kotel_2_Druchbi_UUTE', 'aksay', '+79885104823', 'SPT_961.2', '2013-11-17 21:00:45', '2013-11-01 00:00:00', 1, 0, '1000', 301),
  (87, 'Kotel_1_Druchbu_7b', 'Kotel_1_Druchbu_7b', 'aksay', '+79897129061', 'SPG_741', '2013-11-17 21:00:45', '2013-11-01 00:00:00', 1, 0, '1000', 301),
  (88, 'Kotel_2_Druchbu_15', 'Kotel_2_Druchbu_15', 'aksay', '+79897128986', 'SPG_741', '2013-11-17 21:00:45', '2013-11-01 00:00:00', 1, 0, '1000', 301),
  (89, 'Kotel_3_Vartanova_15a', 'Kotel_3_Vartanova_15a', 'aksay', '+79897128939', 'SPG_741', '2013-11-17 21:00:45', '2013-11-01 00:00:00', 1, 0, '1000', 301),
  (90, 'Kotel_4_Sadovaya_14a', 'Kotel_4_Sadovaya_14a', 'aksay', '+79897129007', 'SPG_741', '2013-11-17 21:00:45', '2013-11-01 00:00:00', 1, 0, '1000', 301),
  (91, 'Kotel_5_Lenina_28', 'Kotel_5_Lenina_28', 'aksay', '+79897128906', 'SPG_741', '2013-11-17 21:00:45', '2013-11-01 00:00:00', 1, 0, '1000', 301),
  (92, 'Kotel_6_Chapaeva_295', 'Kotel_6_Chapaeva_295', 'aksay', '+79897128940', 'SPG_741', '2013-11-17 21:00:45', '2013-11-01 00:00:00', 1, 0, '1000', 301),
  (93, 'Kotel_8_Sadovaya_20_7', 'Kotel_8_Sadovaya_20_7', 'aksay', '+79897128981', 'SPG_741', '2013-11-17 21:00:45', '2013-11-01 00:00:00', 1, 0, '1000', 301),
  (94, 'Kotel_9_Onuchkina_30', 'Kotel_9_Onuchkina_30', 'aksay', '+79897128911', 'SPG_741', '2013-11-17 21:00:45', '2013-11-01 00:00:00', 1, 0, '1000', 301),
  (95, 'Kotel_12_Sovetskaya_21b', 'Kotel_12_Sovetskaya_21b', 'aksay', '+79897129028', 'SPG_741', '2013-11-17 21:00:45', '2013-11-01 00:00:00', 1, 0, '1000', 301),
  (96, 'Kotel_14_Sadovaya_27', 'Kotel_14_Sadovaya_27', 'aksay', '+79897128984', 'SPG_741', '2013-11-17 21:00:45', '2013-11-01 00:00:00', 1, 0, '1000', 301),
  (97, 'Kotel_16_Institutskaya_32', 'Kotel_16_Institutskaya_32', 'aksay', '+79897129049', 'SPG_741', '2013-11-17 21:00:45', '2013-11-01 00:00:00', 1, 0, '1000', 301),
  (98, 'Kotel_25_Shevchenko_135', 'Kotel_25_Shevchenko_135', 'shachti', '+79188590435', 'TSRV_027', '2013-11-17 21:00:45', '2013-11-01 00:00:00', 1, 0, '1000', 301),
  (99, 'Kotel_35_Mechnikova_3v', 'Kotel_35_Mechnikova_3v', 'shachti', '+79281639057', 'TSRV_027', '2013-11-17 21:00:45', '2013-11-01 00:00:00', 1, 0, '1000', 301),
  (100, 'Kotel_18_Sovetskaya_252', 'Kotel_18_Sovetskaya_252', 'shachti', '+79281673567', 'TSRV_027', '2013-11-17 21:00:45', '2013-11-01 00:00:00', 1, 0, '1000', 301),
  (101, 'Kotel_26_Gornyak_6a', 'Kotel_26_Gornyak_6a', 'shachti', '+79281673582', 'TSRV_027', '2013-11-17 21:00:45', '2013-11-01 00:00:00', 1, 0, '1000', 301),
  (102, 'Kotel_14_Puchkina_18', 'Kotel_14_Puchkina_18', 'shachti', '+79281639175', 'TSRV_024M', '2013-11-17 21:00:45', '2013-11-01 00:00:00', 0, 0, '1000', 301),
  (103, 'Kotel_15_Lenina_192', 'Kotel_15_Lenina_192', 'shachti', '+79281673540', 'TSRV_024M', '2013-11-17 21:00:45', '2013-11-01 00:00:00', 0, 0, '1000', 301),
  (104, 'Kotel_22_Sovetskaya_233', 'Kotel_22_Sovetskaya_233', 'shachti', '+79281639093', 'TSRV_024M', '2013-11-17 21:00:45', '2013-11-01 00:00:00', 0, 0, '1000', 301),
  (105, 'Kotel_13_Sovetskaya_175', 'Kotel_13_Sovetskaya_175', 'shachti', '+79281206003', 'TSRV_024M', '2013-11-17 21:00:45', '2013-11-01 00:00:00', 0, 0, '1000', 301),
  (106, 'Kotel_5_Mayakovskogo_59', 'Kotel_5_Mayakovskogo_59', 'shachti', '+79281673548', 'TSRV_024M', '2013-11-17 21:00:45', '2013-11-01 00:00:00', 0, 0, '1000', 301),
  (107, 'Kotel_1_Sadovaya_13', 'Kotel_1_Sadovaya_13', 'shachti', '+79281673552', 'TSRV_024M', '2013-11-17 21:00:45', '2013-11-01 00:00:00', 0, 0, '1000', 301),
  (108, 'Kotel_34_Lenina_90b', 'Kotel_34_Lenina_90b', 'shachti', '+79281673571', 'TSRV_024M', '2013-11-17 21:00:45', '2013-11-01 00:00:00', 0, 0, '1000', 301),
  (109, 'Kotel_33_Halturina_70', 'Kotel_33_Halturina_70', 'shachti', '+79281673572', 'TSRV_024M', '2013-11-17 21:00:45', '2013-11-01 00:00:00', 0, 0, '1000', 301),
  (110, 'Kotel_29_Sovetskaya_121', 'Kotel_29_Sovetskaya_121', 'shachti', '+79281673581', 'TSRV_024M', '2013-11-17 21:00:45', '2013-11-01 00:00:00', 0, 0, '1000', 301),
  (111, 'Kotel_23_Karla_Marksa_112a', 'Kotel_23_Karla_Marksa_112a', 'shachti', '+79281673574', 'TSRV_024M', '2013-11-17 21:00:45', '2013-11-01 00:00:00', 0, 0, '1000', 301);

CREATE TABLE sensors (
  id_co     INT(10) PRIMARY KEY,
  boiler_id INT(6),
  CONSTRAINT sensors_boiler_fk FOREIGN KEY (boiler_id) REFERENCES boiler (id),
  CONSTRAINT sensors_co_fk FOREIGN KEY (id_co) REFERENCES control_objects (id)
);

INSERT INTO sensors VALUES
  (63, 1), (64, 1), (87, 1), (65, 2), (83, 2), (88, 2), (66, 3), (89, 3), (90, 4), (91, 5), (92, 6), (67, 7), (68, 8), (69, 8), (93, 8), (6, 9), (94, 9),
  (95, 12), (3, 13), (2, 14), (96, 14), (1, 15), (70, 16), (71, 16), (97, 17), (72, 18), (4, 19), (5, 20), (34, 22), (59, 24), (19, 26), (16, 27), (20, 28),
  (60, 29), (21, 30), (22, 31), (23, 32), (35, 34), (36, 35), (24, 37), (25, 40), (61, 41), (62, 42), (26, 44), (27, 45), (17, 47), (18, 48), (7, 49), (58, 50),
  (80, 50), (75, 51), (76, 51), (73, 52), (74, 52), (81, 53), (82, 53), (77, 54), (78, 54), (50, 55), (79, 55), (44, 56), (51, 56), (45, 57), (52, 57),
  (46, 58), (53, 58), (47, 59), (54, 59), (48, 60), (55, 60), (41, 61), (56, 61), (42, 62), (57, 62), (32, 63), (49, 63), (43, 64), (38, 76), (39, 77),
  (33, 79), (37, 80), (40, 84), (28, 85), (31, 87), (13, 89), (14, 90), (29, 91), (30, 91), (8, 93), (9, 100), (12, 101), (15, 102), (11, 103), (10, 104),
  (100, 123), (101, 124), (99, 125), (107, 126), (102, 127), (103, 128), (104, 129), (109, 130), (108, 131), (106, 132), (111, 133), (110, 134), (105, 135),
  (98, 136);

CREATE TABLE param_descr (
  id         INT(6) PRIMARY KEY NOT NULL,
  chanel_num VARCHAR(16),
  par_num    INT(4),
  par_name   VARCHAR(16),
  par_dim    VARCHAR(8),
  par_descr  VARCHAR(255),
  dev_type   VARCHAR(16)
);

INSERT INTO param_descr VALUES
  (1, '0', 90, 'tи', 'ч', NULL, 'SPT_961.2'), (2, '0', 71, 'Тхв', '^C', NULL, 'SPT_961.2'), (3, '0', 74, 'Рхв', 'МПа', NULL, 'SPT_961.2'),
  (4, '0', 78, 'Рб', 'МПа', NULL, 'SPT_961.2'), (5, '0', 82, 'Тнв', '^C', NULL, 'SPT_961.2'), (6, '1', 234, 'toт01', 'ч', NULL, 'SPT_961.2'),
  (7, '1', 195, 'Qoт01', 'м3/ч', NULL, 'SPT_961.2'), (8, '1', 200, 'Тт01', '^C', NULL, 'SPT_961.2'), (9, '1', 205, 'Pт01', 'МПа', NULL, 'SPT_961.2'),
  (10, '1', 238, 'Д1т01', '-', NULL, 'SPT_961.2'), (11, '1', 242, 'Д2т01', '-', NULL, 'SPT_961.2'), (12, '1', 210, 'Mт01', 'т', NULL, 'SPT_961.2'),
  (13, '1', 215, 'Wт01', 'ГКал', NULL, 'SPT_961.2'), (14, '1', 220, 'Voт01', 'м3', NULL, 'SPT_961.2'), (15, '1', 245, 'НСот01', '-', NULL, 'SPT_961.2'),
  (16, '1', 400, 'dMп1', 'т', NULL, 'SPT_961.2'), (17, '1', 405, 'dWп1', 'ГКал', NULL, 'SPT_961.2'), (18, '2', 234, 'toт02', 'ч', NULL, 'SPT_961.2'),
  (19, '2', 195, 'Qoт02', 'м3/ч', NULL, 'SPT_961.2'), (20, '2', 200, 'Тт02', '^C', NULL, 'SPT_961.2'), (21, '2', 205, 'Pт02', 'МПа', NULL, 'SPT_961.2'),
  (22, '2', 238, 'Д1т02', '-', NULL, 'SPT_961.2'), (23, '2', 242, 'Д2т02', '-', NULL, 'SPT_961.2'), (24, '2', 210, 'Mт02', 'т', NULL, 'SPT_961.2'),
  (25, '2', 215, 'Wт02', 'ГКал', NULL, 'SPT_961.2'), (26, '2', 220, 'Voт02', 'м3', NULL, 'SPT_961.2'), (27, '2', 245, 'НСот02', '-', NULL, 'SPT_961.2'),
  (28, '2', 400, 'dMп2', 'т', NULL, 'SPT_961.2'), (29, '2', 405, 'dWп2', 'ГКал', NULL, 'SPT_961.2'), (30, '3', 234, 'toт03', 'ч', NULL, 'SPT_961.2'),
  (31, '3', 195, 'Qoт03', 'м3/ч', NULL, 'SPT_961.2'), (32, '3', 200, 'Тт03', '^C', NULL, 'SPT_961.2'), (33, '3', 205, 'Pт03', 'МПа', NULL, 'SPT_961.2'),
  (34, '3', 238, 'Д1т03', '-', NULL, 'SPT_961.2'), (35, '3', 242, 'Д2т03', '-', NULL, 'SPT_961.2'), (36, '3', 210, 'Mт03', 'т', NULL, 'SPT_961.2'),
  (37, '3', 215, 'Wт03', 'ГКал', NULL, 'SPT_961.2'), (38, '3', 220, 'Voт03', 'м3', NULL, 'SPT_961.2'), (39, '3', 245, 'НСот03', '-', NULL, 'SPT_961.2'),
  (40, '4', 234, 'toт04', 'ч', NULL, 'SPT_961.2'), (41, '4', 195, 'Qoт04', 'м3/ч', NULL, 'SPT_961.2'), (42, '4', 200, 'Тт04', '^C', NULL, 'SPT_961.2'),
  (43, '4', 205, 'Pт04', 'МПа', NULL, 'SPT_961.2'), (44, '4', 238, 'Д1т04', '-', NULL, 'SPT_961.2'), (45, '4', 242, 'Д2т04', '-', NULL, 'SPT_961.2'),
  (46, '4', 210, 'Mт04', 'т', NULL, 'SPT_961.2'), (47, '4', 215, 'Wт04', 'ГКал', NULL, 'SPT_961.2'), (48, '4', 220, 'Voт04', 'м3', NULL, 'SPT_961.2'),
  (49, '4', 245, 'НСот04', '-', NULL, 'SPT_961.2'), (50, '5', 234, 'toт05', 'ч', NULL, 'SPT_961.2'), (51, '5', 195, 'Qoт05', 'м3/ч', NULL, 'SPT_961.2'),
  (52, '5', 200, 'Тт05', '^C', NULL, 'SPT_961.2'), (53, '5', 205, 'Pт05', 'МПа', NULL, 'SPT_961.2'), (54, '5', 238, 'Д1т05', '-', NULL, 'SPT_961.2'),
  (55, '5', 242, 'Д2т05', '-', NULL, 'SPT_961.2'), (56, '5', 210, 'Mт05', 'т', NULL, 'SPT_961.2'), (57, '5', 215, 'Wт05', 'ГКал', NULL, 'SPT_961.2'),
  (58, '5', 220, 'Voт05', 'м3', NULL, 'SPT_961.2'), (59, '5', 245, 'НСот05', '-', NULL, 'SPT_961.2'), (60, '6', 234, 'toт06', 'ч', NULL, 'SPT_961.2'),
  (61, '6', 195, 'Qoт06', 'м3/ч', NULL, 'SPT_961.2'), (62, '6', 200, 'Тт06', '^C', NULL, 'SPT_961.2'), (63, '6', 205, 'Pт06', 'МПа', NULL, 'SPT_961.2'),
  (64, '6', 238, 'Д1т06', '-', NULL, 'SPT_961.2'), (65, '6', 242, 'Д2т06', '-', NULL, 'SPT_961.2'), (66, '6', 210, 'Mт06', 'т', NULL, 'SPT_961.2'),
  (67, '6', 215, 'Wт06', 'ГКал', NULL, 'SPT_961.2'), (68, '6', 220, 'Voт06', 'м3', NULL, 'SPT_961.2'), (69, '6', 245, 'НСот06', '-', NULL, 'SPT_961.2'),
  (70, '3', 400, 'dMп3', 'т', NULL, 'SPT_961.2'), (71, '3', 405, 'dWп3', 'ГКал', NULL, 'SPT_961.2'), (72, '7', 234, 'toт07', 'ч', NULL, 'SPT_961.2'),
  (73, '7', 195, 'Qoт07', 'м3/ч', NULL, 'SPT_961.2'), (74, '7', 200, 'Тт07', '^C', NULL, 'SPT_961.2'), (75, '7', 205, 'Pт07', 'МПа', NULL, 'SPT_961.2'),
  (76, '7', 238, 'Д1т07', '-', NULL, 'SPT_961.2'), (77, '7', 242, 'Д2т07', '-', NULL, 'SPT_961.2'), (78, '7', 210, 'Mт07', 'т', NULL, 'SPT_961.2'),
  (79, '7', 215, 'Wт07', 'ГКал', NULL, 'SPT_961.2'), (80, '7', 220, 'Voт07', 'м3', NULL, 'SPT_961.2'), (81, '7', 245, 'НСот07', '-', NULL, 'SPT_961.2'),
  (82, '0', 90, 'tи(ч)', 'ч', NULL, 'SPT_961.M'), (83, '0', 71, 'Тхв(ч)', '^C', NULL, 'SPT_961.M'), (84, '0', 74, 'Рхв(ч)', 'кгс/cм2', NULL, 'SPT_961.M'),
  (85, '0', 78, 'Рб(ч)', '-', NULL, 'SPT_961.M'), (86, '0', 82, 'Д1с(ч)', 'б/р', NULL, 'SPT_961.M'), (87, '0', 86, 'Д2с(ч)', '-', NULL, 'SPT_961.M'),
  (88, '1', 234, 'to(ч)т1', 'ч', NULL, 'SPT_961.M'), (89, '1', 195, 'Qo(ч)т1', 'м3/ч', NULL, 'SPT_961.M'), (90, '1', 200, 'Т(ч)т1', '^C', NULL, 'SPT_961.M'),
  (91, '1', 205, 'P(ч)т1', 'кгс/cм2', NULL, 'SPT_961.M'), (92, '1', 238, 'Д1(ч)т1', 'б/р', NULL, 'SPT_961.M'),
  (93, '1', 242, 'Д2(ч)т1', '-', NULL, 'SPT_961.M'), (94, '1', 210, 'M(ч)т1', 'т', NULL, 'SPT_961.M'), (95, '1', 215, 'W(ч)т1', 'ГКал', NULL, 'SPT_961.M'),
  (96, '1', 220, 'Vo(ч)т1', 'м3', NULL, 'SPT_961.M'), (97, '1', 400, 'dM(ч)п1', 'т', NULL, 'SPT_961.M'), (98, '1', 405, 'dW(ч)п1', 'ГКал', NULL, 'SPT_961.M'),
  (99, '2', 234, 'to(ч)т2', 'ч', NULL, 'SPT_961.M'), (100, '2', 195, 'Qo(ч)т2', 'м3/ч', NULL, 'SPT_961.M'), (101, '2', 200, 'Т(ч)т2', '^C', NULL, 'SPT_961.M'),
  (102, '2', 205, 'P(ч)т2', 'кгс/cм2', NULL, 'SPT_961.M'), (103, '2', 238, 'Д1(ч)т2', 'б/р', NULL, 'SPT_961.M'),
  (104, '2', 242, 'Д2(ч)т2', '-', NULL, 'SPT_961.M'), (105, '2', 210, 'M(ч)т2', 'т', NULL, 'SPT_961.M'), (106, '2', 215, 'W(ч)т2', 'ГКал', NULL, 'SPT_961.M'),
  (107, '2', 220, 'Vo(ч)т2', 'м3', NULL, 'SPT_961.M'), (108, '2', 400, 'dM(ч)п2', 'т', NULL, 'SPT_961.M'),
  (109, '2', 405, 'dW(ч)п2', 'ГКал', NULL, 'SPT_961.M'), (110, '3', 234, 'to(ч)т3', 'ч', NULL, 'SPT_961.M'),
  (111, '3', 195, 'Qo(ч)т3', 'м3/ч', NULL, 'SPT_961.M'), (112, '3', 200, 'Т(ч)т3', '^C', NULL, 'SPT_961.M'),
  (113, '3', 205, 'P(ч)т3', 'кгс/cм2', NULL, 'SPT_961.M'), (114, '3', 238, 'Д1(ч)т3', 'б/р', NULL, 'SPT_961.M'),
  (115, '3', 242, 'Д2(ч)т3', '-', NULL, 'SPT_961.M'), (116, '3', 210, 'M(ч)т3', 'т', NULL, 'SPT_961.M'), (117, '3', 215, 'W(ч)т3', 'ГКал', NULL, 'SPT_961.M'),
  (118, '3', 220, 'Vo(ч)т3', 'м3', NULL, 'SPT_961.M'), (119, '4', 234, 'to(ч)т4', 'ч', NULL, 'SPT_961.M'),
  (120, '4', 195, 'Qo(ч)т4', 'м3/ч', NULL, 'SPT_961.M'), (121, '4', 200, 'Т(ч)т4', '^C', NULL, 'SPT_961.M'),
  (122, '4', 205, 'P(ч)т4', 'кгс/cм2', NULL, 'SPT_961.M'), (123, '4', 238, 'Д1(ч)т4', 'б/р', NULL, 'SPT_961.M'),
  (124, '4', 242, 'Д2(ч)т4', '-', NULL, 'SPT_961.M'), (125, '4', 210, 'M(ч)т4', 'т', NULL, 'SPT_961.M'), (126, '4', 215, 'W(ч)т4', 'ГКал', NULL, 'SPT_961.M'),
  (127, '4', 220, 'Vo(ч)т4', 'м3', NULL, 'SPT_961.M'), (128, '5', 234, 'to(ч)т5', 'ч', NULL, 'SPT_961.M'),
  (129, '5', 195, 'Qo(ч)т5', 'м3/ч', NULL, 'SPT_961.M'), (130, '5', 200, 'Т(ч)т5', '^C', NULL, 'SPT_961.M'),
  (131, '5', 205, 'P(ч)т5', 'кгс/cм2', NULL, 'SPT_961.M'), (132, '5', 238, 'Д1(ч)т5', 'б/р', NULL, 'SPT_961.M'),
  (133, '5', 242, 'Д2(ч)т5', '-', NULL, 'SPT_961.M'), (134, '5', 210, 'M(ч)т5', 'т', NULL, 'SPT_961.M'), (135, '5', 215, 'W(ч)т5', 'ГКал', NULL, 'SPT_961.M'),
  (136, '5', 220, 'Vo(ч)т5', 'м3', NULL, 'SPT_961.M'), (137, '6', 234, 'to(ч)т6', 'ч', NULL, 'SPT_961.M'),
  (138, '6', 195, 'Qo(ч)т6', 'м3/ч', NULL, 'SPT_961.M'), (139, '6', 200, 'Т(ч)т6', '^C', NULL, 'SPT_961.M'),
  (140, '6', 205, 'P(ч)т6', 'кгс/cм2', NULL, 'SPT_961.M'), (141, '6', 238, 'Д1(ч)т6', 'б/р', NULL, 'SPT_961.M'),
  (142, '6', 242, 'Д2(ч)т6', '-', NULL, 'SPT_961.M'), (143, '6', 210, 'M(ч)т6', 'т', NULL, 'SPT_961.M'), (144, '6', 215, 'W(ч)т6', 'ГКал', NULL, 'SPT_961.M'),
  (145, '6', 220, 'Vo(ч)т6', 'м3', NULL, 'SPT_961.M'), (146, '0', 74, 'Рхв', 'кгс/cм2', NULL, 'SPT_961.2'), (147, '0', 78, 'Рб', 'кгс/cм2', NULL, 'SPT_961.2'),
  (148, '1', 205, 'Pт01', 'кгс/cм2', NULL, 'SPT_961.2'), (149, '2', 205, 'Pт02', 'кгс/cм2', NULL, 'SPT_961.2'),
  (150, '3', 205, 'Pт03', 'кгс/cм2', NULL, 'SPT_961.2'), (218, 'СЛ', 900, 'TC', '-', NULL, 'SPG_741'), (219, 'СЛ', 901, 'HC1', '-', NULL, 'SPG_741'),
  (220, 'СЛ', 902, 'HC2', '-', NULL, 'SPG_741'), (221, 'СЛ', 903, 'HC3', '-', NULL, 'SPG_741'), (222, 'СЛ', 904, 'HC4', '-', NULL, 'SPG_741'),
  (223, 'ТР1', 905, 'P1', '-', NULL, 'SPG_741'), (224, 'ТР1', 906, 't1', '-', NULL, 'SPG_741'), (225, 'ТР1', 907, 'Vp1', '-', NULL, 'SPG_741'),
  (226, 'ТР1', 908, 'V1', '-', NULL, 'SPG_741'), (227, 'ТР2', 909, 'P2', '-', NULL, 'SPG_741'), (228, 'ТР2', 910, 't2', '-', NULL, 'SPG_741'),
  (229, 'ТР2', 911, 'Vp2', '-', NULL, 'SPG_741'), (230, 'ТР2', 912, 'V2', '-', NULL, 'SPG_741'), (231, 'ОБЩ', 913, 'V', '-', NULL, 'SPG_741'),
  (232, 'ОБЩ', 914, 'Vn', '-', NULL, 'SPG_741'), (270, '1', 200, 'T(ч)т1', '^C', NULL, 'SPT_961.0'), (271, '1', 205, 'P(ч)т1', 'кгс/cм2', NULL, 'SPT_961.0'),
  (272, '1', 210, 'M(ч)т1', 'т', NULL, 'SPT_961.0'), (273, '1', 215, 'W(ч)т1', 'ГКал', NULL, 'SPT_961.0'), (274, '1', 220, 'Vo(ч)т1', 'м3', NULL, 'SPT_961.0'),
  (275, '1', 400, 'dM(ч)п1', 'т', NULL, 'SPT_961.0'), (276, '1', 405, 'dW(ч)п1', 'ГКал', NULL, 'SPT_961.0'), (277, '2', 200, 'T(ч)т2', '^C', NULL, 'SPT_961.0'),
  (278, '2', 205, 'P(ч)т2', 'кгс/cм2', NULL, 'SPT_961.0'), (279, '2', 210, 'M(ч)т2', 'т', NULL, 'SPT_961.0'),
  (280, '2', 215, 'W(ч)т2', 'ГКал', NULL, 'SPT_961.0'), (281, '2', 220, 'Vo(ч)т2', 'м3', NULL, 'SPT_961.0'), (282, '3', 200, 'T(ч)т3', '^C', NULL, 'SPT_961.0'),
  (283, '3', 205, 'P(ч)т3', 'кгс/cм2', NULL, 'SPT_961.0'), (284, '3', 210, 'M(ч)т3', 'т', NULL, 'SPT_961.0'),
  (285, '3', 215, 'W(ч)т3', 'ГКал', NULL, 'SPT_961.0'), (286, '3', 220, 'Vo(ч)т3', 'м3', NULL, 'SPT_961.0'), (326, '4', 400, 'dMп4', 'т', NULL, 'SPT_961.2'),
  (327, '4', 405, 'dWп4', 'ГКал', NULL, 'SPT_961.2'), (328, '8', 234, 'toт08', 'ч', NULL, 'SPT_961.2'), (329, '8', 195, 'Qoт08', 'м3/ч', NULL, 'SPT_961.2'),
  (330, '8', 200, 'Тт08', '^C', NULL, 'SPT_961.2'), (331, '8', 205, 'Pт08', 'МПа', NULL, 'SPT_961.2'), (332, '8', 238, 'Д1т08', '-', NULL, 'SPT_961.2'),
  (333, '8', 242, 'Д2т08', '-', NULL, 'SPT_961.2'), (334, '8', 210, 'Mт08', 'т', NULL, 'SPT_961.2'), (335, '8', 215, 'Wт08', 'ГКал', NULL, 'SPT_961.2'),
  (336, '8', 220, 'Voт08', 'м3', NULL, 'SPT_961.2'), (337, '8', 245, 'НСот08', '-', NULL, 'SPT_961.2'), (441, '0', 1004, 'W1_1', 'ГДж', NULL, 'TSRV_027'),
  (442, '0', 1008, 'W2_1', 'ГДж', NULL, 'TSRV_027'), (443, '0', 1012, 'W3_1', 'ГДж', NULL, 'TSRV_027'), (444, '0', 1016, 't_1', 'ч', NULL, 'TSRV_027'),
  (445, '0', 1020, 't_otkl_1', 'ч', NULL, 'TSRV_027'), (446, '0', 1024, 't_HC1_1', 'ч', NULL, 'TSRV_027'), (447, '0', 1028, 't_HC2_1', 'ч', NULL, 'TSRV_027'),
  (448, '0', 1032, 't_HC3_1', 'ч', NULL, 'TSRV_027'), (449, '0', 1036, 't_HC0_1', 'ч', NULL, 'TSRV_027'), (450, '0', 1044, 'Word_1', '-', NULL, 'TSRV_027'),
  (451, '0', 1048, 'W1_2', 'ГДж', NULL, 'TSRV_027'), (452, '0', 1052, 'W2_2', 'ГДж', NULL, 'TSRV_027'), (453, '0', 1056, 'W3_2', 'ГДж', NULL, 'TSRV_027'),
  (454, '0', 1060, 't_2', 'ч', NULL, 'TSRV_027'), (455, '0', 1064, 't_otkl_2', 'ч', NULL, 'TSRV_027'), (456, '0', 1068, 't_HC1_2', 'ч', NULL, 'TSRV_027'),
  (457, '0', 1072, 't_HC2_2', 'ч', NULL, 'TSRV_027'), (458, '0', 1076, 't_HC3_2', 'ч', NULL, 'TSRV_027'), (459, '0', 1080, 't_HC0_2', 'ч', NULL, 'TSRV_027'),
  (460, '0', 1088, 'Word_2', '-', NULL, 'TSRV_027'), (461, '0', 1092, 'W1_3', 'ГДж', NULL, 'TSRV_027'), (462, '0', 1096, 'W2_3', 'ГДж', NULL, 'TSRV_027'),
  (463, '0', 1100, 'W3_3', 'ГДж', NULL, 'TSRV_027'), (464, '0', 1104, 't_3', 'ч', NULL, 'TSRV_027'), (465, '0', 1108, 't_otkl_3', 'ч', NULL, 'TSRV_027'),
  (466, '0', 1112, 't_HC1_3', 'ч', NULL, 'TSRV_027'), (467, '0', 1116, 't_HC2_3', 'ч', NULL, 'TSRV_027'), (468, '0', 1120, 't_HC3_3', 'ч', NULL, 'TSRV_027'),
  (469, '0', 1124, 't_HC0_3', 'ч', NULL, 'TSRV_027'), (470, '0', 1132, 'Word_3', '-', NULL, 'TSRV_027'), (471, '0', 1136, 'M', 'т', NULL, 'TSRV_027'),
  (472, '0', 1140, 'T', 'С', NULL, 'TSRV_027'), (473, '0', 1142, 'P', 'Мпа', NULL, 'TSRV_027'), (474, '0', 1144, 'V', 'м^3', NULL, 'TSRV_027'),
  (475, '0', 1148, 'Word', '-', NULL, 'TSRV_027'), (476, '1', 1150, 'M', 'т', NULL, 'TSRV_027'), (477, '1', 1154, 'T', 'С', NULL, 'TSRV_027'),
  (478, '1', 1156, 'P', 'Мпа', NULL, 'TSRV_027'), (479, '1', 1158, 'V', 'м^3', NULL, 'TSRV_027'), (480, '1', 1162, 'Word', '-', NULL, 'TSRV_027'),
  (481, '2', 1164, 'M', 'т', NULL, 'TSRV_027'), (482, '2', 1168, 'T', 'С', NULL, 'TSRV_027'), (483, '2', 1170, 'P', 'Мпа', NULL, 'TSRV_027'),
  (484, '2', 1172, 'V', 'м^3', NULL, 'TSRV_027'), (485, '2', 1176, 'Word', '-', NULL, 'TSRV_027'), (486, '3', 1178, 'M', 'т', NULL, 'TSRV_027'),
  (487, '3', 1182, 'T', 'С', NULL, 'TSRV_027'), (488, '3', 1184, 'P', 'Мпа', NULL, 'TSRV_027'), (489, '3', 1186, 'V', 'м^3', NULL, 'TSRV_027'),
  (490, '3', 1190, 'Word', '-', NULL, 'TSRV_027'), (491, '4', 1192, 'M', 'т', NULL, 'TSRV_027'), (492, '4', 1196, 'T', 'С', NULL, 'TSRV_027'),
  (493, '4', 1198, 'P', 'Мпа', NULL, 'TSRV_027'), (494, '4', 1200, 'V', 'м^3', NULL, 'TSRV_027'), (495, '4', 1204, 'Word', '-', NULL, 'TSRV_027'),
  (496, '5', 1206, 'M', 'т', NULL, 'TSRV_027'), (497, '5', 1210, 'T', 'С', NULL, 'TSRV_027'), (498, '5', 1212, 'P', 'Мпа', NULL, 'TSRV_027'),
  (499, '5', 1214, 'V', 'м^3', NULL, 'TSRV_027'), (500, '5', 1218, 'Word', '-', NULL, 'TSRV_027'), (501, '6', 1220, 'M', 'т', NULL, 'TSRV_027'),
  (502, '6', 1224, 'T', 'С', NULL, 'TSRV_027'), (503, '6', 1226, 'P', 'Мпа', NULL, 'TSRV_027'), (504, '6', 1228, 'V', 'м^3', NULL, 'TSRV_027'),
  (505, '6', 1232, 'Word', '-', NULL, 'TSRV_027'), (506, '0', 1234, 'W_Total', 'ГДж', NULL, 'TSRV_027'), (507, '0', 63, 'Tнв', '^C', NULL, 'SPT_961.2'),
  (508, '1', 154, 'P01', 'МПа', NULL, 'SPT_961.2'), (509, '1', 155, 'Pа01', 'МПа', NULL, 'SPT_961.2'), (510, '1', 156, 'T01', '^C', NULL, 'SPT_961.2'),
  (511, '1', 157, 'G01', 'т/ч', NULL, 'SPT_961.2'), (512, '1', 171, 'Qо01', 'м3/ч', NULL, 'SPT_961.2'), (513, '2', 154, 'P02', 'МПа', NULL, 'SPT_961.2'),
  (514, '2', 155, 'Pа02', 'МПа', NULL, 'SPT_961.2'), (515, '2', 156, 'T02', '^C', NULL, 'SPT_961.2'), (516, '2', 157, 'G02', 'т/ч', NULL, 'SPT_961.2'),
  (517, '2', 171, 'Qо02', 'м3/ч', NULL, 'SPT_961.2'), (518, '3', 154, 'P03', 'МПа', NULL, 'SPT_961.2'), (519, '3', 155, 'Pа03', 'МПа', NULL, 'SPT_961.2'),
  (520, '3', 156, 'T03', '^C', NULL, 'SPT_961.2'), (521, '3', 157, 'G03', 'т/ч', NULL, 'SPT_961.2'), (522, '3', 171, 'Qо03', 'м3/ч', NULL, 'SPT_961.2'),
  (523, '4', 154, 'P04', 'МПа', NULL, 'SPT_961.2'), (524, '4', 155, 'Pа04', 'МПа', NULL, 'SPT_961.2'), (525, '4', 156, 'T04', '^C', NULL, 'SPT_961.2'),
  (526, '4', 157, 'G04', 'т/ч', NULL, 'SPT_961.2'), (527, '4', 171, 'Qо04', 'м3/ч', NULL, 'SPT_961.2'), (528, '5', 154, 'P05', 'МПа', NULL, 'SPT_961.2'),
  (529, '5', 155, 'Pа05', 'МПа', NULL, 'SPT_961.2'), (530, '5', 156, 'T05', '^C', NULL, 'SPT_961.2'), (531, '5', 157, 'G05', 'т/ч', NULL, 'SPT_961.2'),
  (532, '5', 171, 'Qо05', 'м3/ч', NULL, 'SPT_961.2'), (533, '6', 154, 'P06', 'МПа', NULL, 'SPT_961.2'), (534, '6', 155, 'Pа06', 'МПа', NULL, 'SPT_961.2'),
  (535, '6', 156, 'T06', '^C', NULL, 'SPT_961.2'), (536, '6', 157, 'G06', 'т/ч', NULL, 'SPT_961.2'), (537, '6', 171, 'Qо06', 'м3/ч', NULL, 'SPT_961.2'),
  (538, '7', 154, 'P07', 'МПа', NULL, 'SPT_961.2'), (539, '7', 155, 'Pа07', 'МПа', NULL, 'SPT_961.2'), (540, '7', 156, 'T07', '^C', NULL, 'SPT_961.2'),
  (541, '7', 157, 'G07', 'т/ч', NULL, 'SPT_961.2'), (542, '7', 171, 'Qо07', 'м3/ч', NULL, 'SPT_961.2'), (543, '8', 154, 'P08', 'МПа', NULL, 'SPT_961.2'),
  (544, '8', 155, 'Pа08', 'МПа', NULL, 'SPT_961.2'), (545, '8', 156, 'T08', '^C', NULL, 'SPT_961.2'), (546, '8', 157, 'G08', 'т/ч', NULL, 'SPT_961.2'),
  (547, '8', 171, 'Qо08', 'м3/ч', NULL, 'SPT_961.2'), (548, '5', 156, 'T05', '-', NULL, 'SPT_961.2'), (549, '5', 171, 'Qо05', '-', NULL, 'SPT_961.2'),
  (550, '1', 154, 'P01', 'кгс/cм2', NULL, 'SPT_961.2'), (551, '1', 155, 'Pа01', 'кгс/cм2', NULL, 'SPT_961.2'),
  (552, '2', 154, 'P02', 'кгс/cм2', NULL, 'SPT_961.2'), (553, '2', 155, 'Pа02', 'кгс/cм2', NULL, 'SPT_961.2'),
  (554, '3', 154, 'P03', 'кгс/cм2', NULL, 'SPT_961.2'), (555, '3', 155, 'Pа03', 'кгс/cм2', NULL, 'SPT_961.2'), (556, '6', 156, 'T06', '-', NULL, 'SPT_961.2'),
  (557, '6', 171, 'Qо06', '-', NULL, 'SPT_961.2'), (558, '1', 1004, 'T_нар', 'ч', NULL, 'TSRV_024M'), (559, '1', 1006, 'T_пит', 'ч', NULL, 'TSRV_024M'),
  (560, '1', 1008, 'T_от', 'ч', NULL, 'TSRV_024M'), (561, '1', 1010, 'T_НС', 'ч', NULL, 'TSRV_024M'), (562, '1', 1012, 'T_реж', 'ч', NULL, 'TSRV_024M'),
  (563, '1', 1014, 'Т_нс0', 'ч', NULL, 'TSRV_024M'), (564, '1', 1016, 'Т_нс1', 'ч', NULL, 'TSRV_024M'), (565, '1', 1018, 'Т_нс2', 'ч', NULL, 'TSRV_024M'),
  (566, '1', 1020, 'Т_нс3', 'ч', NULL, 'TSRV_024M'), (567, '1', 1022, 'Т_нс4', 'ч', NULL, 'TSRV_024M'), (568, '1', 1024, 'Т_нс5', 'ч', NULL, 'TSRV_024M'),
  (569, '1', 1026, 'Т_нс6', 'ч', NULL, 'TSRV_024M'), (570, '1', 1028, 'Т_нс7', 'ч', NULL, 'TSRV_024M'), (571, '1', 1030, 'Т_нс8', 'ч', NULL, 'TSRV_024M'),
  (572, '1', 1032, 'Т_нс9', 'ч', NULL, 'TSRV_024M'), (573, '1', 1034, 'Т_нс10', 'ч', NULL, 'TSRV_024M'), (574, '1', 1036, 'Т_нс11', 'ч', NULL, 'TSRV_024M'),
  (575, '1', 1038, 'Т_нс12', 'ч', NULL, 'TSRV_024M'), (576, '1', 1040, 'Т_нс13', 'ч', NULL, 'TSRV_024M'), (577, '1', 1042, 'Т_нс14', 'ч', NULL, 'TSRV_024M'),
  (578, '1', 1044, 'Т_нс15', 'ч', NULL, 'TSRV_024M'), (579, '1', 1046, 'Т_нс16', 'ч', NULL, 'TSRV_024M'), (580, '1', 1048, 'Т_нс17', 'ч', NULL, 'TSRV_024M'),
  (581, '1', 1050, 'Т_нс18', 'ч', NULL, 'TSRV_024M'), (582, '1', 1052, 'Т_нс19', 'ч', NULL, 'TSRV_024M'), (583, '1', 1054, 'Т_нс20', 'ч', NULL, 'TSRV_024M'),
  (584, '1', 1056, 'Т_нс21', 'ч', NULL, 'TSRV_024M'), (585, '1', 1058, 'Т_нс22', 'ч', NULL, 'TSRV_024M'), (586, '1', 1060, 'Т_нс23', 'ч', NULL, 'TSRV_024M'),
  (587, '1', 1062, 'Т_нс24', 'ч', NULL, 'TSRV_024M'), (588, '1', 1064, 'Т_нс25', 'ч', NULL, 'TSRV_024M'), (589, '1', 1066, 'Т_нс26', 'ч', NULL, 'TSRV_024M'),
  (590, '1', 1068, 'Т_нс27', 'ч', NULL, 'TSRV_024M'), (591, '1', 1070, 'Т_нс28', 'ч', NULL, 'TSRV_024M'), (592, '1', 1072, 'Т_нс29', 'ч', NULL, 'TSRV_024M'),
  (593, '1', 1074, 'Т_нс30', 'ч', NULL, 'TSRV_024M'), (594, '1', 1076, 'Т_нс31', 'ч', NULL, 'TSRV_024M'), (595, '1', 1078, 'Схема', '-', NULL, 'TSRV_024M'),
  (596, '1', 1080, 'Флаги_НС', '-', NULL, 'TSRV_024M'), (597, '1', 1084, 'W_тс', 'ГКал', NULL, 'TSRV_024M'),
  (598, '1', 1088, 'W_гв', 'ГКал', NULL, 'TSRV_024M'), (599, '1', 1092, 'M_тс', 'т', NULL, 'TSRV_024M'), (600, '1', 1096, 'W_тр1', 'ГКал', NULL, 'TSRV_024M'),
  (601, '1', 1100, 'W_тр2', 'ГКал', NULL, 'TSRV_024M'), (602, '1', 1104, 'W_тр3', 'ГКал', NULL, 'TSRV_024M'),
  (603, '1', 1108, 'W_тр4', 'ГКал', NULL, 'TSRV_024M'), (604, '1', 1112, 'M_тр1', 'т', NULL, 'TSRV_024M'), (605, '1', 1116, 'M_тр2', 'т', NULL, 'TSRV_024M'),
  (606, '1', 1120, 'M_тр3', 'т', NULL, 'TSRV_024M'), (607, '1', 1124, 'M_тр4', 'т', NULL, 'TSRV_024M'), (608, '1', 1128, 'V_тр1', 'м^3', NULL, 'TSRV_024M'),
  (609, '1', 1132, 'V_тр2', 'м^3', NULL, 'TSRV_024M'), (610, '1', 1136, 'V_тр3', 'м^3', NULL, 'TSRV_024M'), (611, '1', 1140, 'V_тр4', 'м^3', NULL, 'TSRV_024M'),
  (612, '1', 1144, 't_вз1', '^C', NULL, 'TSRV_024M'), (613, '1', 1146, 't_вз2', '^C', NULL, 'TSRV_024M'), (614, '1', 1148, 't_вз3', '^C', NULL, 'TSRV_024M'),
  (615, '1', 1150, 't_вз4', '^C', NULL, 'TSRV_024M'), (616, '1', 1152, 't_тр1', '^C', NULL, 'TSRV_024M'), (617, '1', 1154, 't_тр2', '^C', NULL, 'TSRV_024M'),
  (618, '1', 1156, 't_тр3', '^C', NULL, 'TSRV_024M'), (619, '1', 1158, 't_тр4', '^C', NULL, 'TSRV_024M'), (620, '1', 1160, 'P_тр1', 'МПа', NULL, 'TSRV_024M'),
  (621, '1', 1162, 'P_тр2', 'МПа', NULL, 'TSRV_024M'), (622, '1', 1164, 'P_тр3', 'МПа', NULL, 'TSRV_024M'), (623, '1', 1166, 'P_тр4', 'МПа', NULL, 'TSRV_024M'),
  (624, '1', 1168, 't_хв', '^C', NULL, 'TSRV_024M'), (625, '2', 1004, 'T_нар', 'ч', NULL, 'TSRV_024M'), (626, '2', 1006, 'T_пит', 'ч', NULL, 'TSRV_024M'),
  (627, '2', 1008, 'T_от', 'ч', NULL, 'TSRV_024M'), (628, '2', 1010, 'T_НС', 'ч', NULL, 'TSRV_024M'), (629, '2', 1012, 'T_реж', 'ч', NULL, 'TSRV_024M'),
  (630, '2', 1014, 'Т_нс0', 'ч', NULL, 'TSRV_024M'), (631, '2', 1016, 'Т_нс1', 'ч', NULL, 'TSRV_024M'), (632, '2', 1018, 'Т_нс2', 'ч', NULL, 'TSRV_024M'),
  (633, '2', 1020, 'Т_нс3', 'ч', NULL, 'TSRV_024M'), (634, '2', 1022, 'Т_нс4', 'ч', NULL, 'TSRV_024M'), (635, '2', 1024, 'Т_нс5', 'ч', NULL, 'TSRV_024M'),
  (636, '2', 1026, 'Т_нс6', 'ч', NULL, 'TSRV_024M'), (637, '2', 1028, 'Т_нс7', 'ч', NULL, 'TSRV_024M'), (638, '2', 1030, 'Т_нс8', 'ч', NULL, 'TSRV_024M'),
  (639, '2', 1032, 'Т_нс9', 'ч', NULL, 'TSRV_024M'), (640, '2', 1034, 'Т_нс10', 'ч', NULL, 'TSRV_024M'), (641, '2', 1036, 'Т_нс11', 'ч', NULL, 'TSRV_024M'),
  (642, '2', 1038, 'Т_нс12', 'ч', NULL, 'TSRV_024M'), (643, '2', 1040, 'Т_нс13', 'ч', NULL, 'TSRV_024M'), (644, '2', 1042, 'Т_нс14', 'ч', NULL, 'TSRV_024M'),
  (645, '2', 1044, 'Т_нс15', 'ч', NULL, 'TSRV_024M'), (646, '2', 1046, 'Т_нс16', 'ч', NULL, 'TSRV_024M'), (647, '2', 1048, 'Т_нс17', 'ч', NULL, 'TSRV_024M'),
  (648, '2', 1050, 'Т_нс18', 'ч', NULL, 'TSRV_024M'), (649, '2', 1052, 'Т_нс19', 'ч', NULL, 'TSRV_024M'), (650, '2', 1054, 'Т_нс20', 'ч', NULL, 'TSRV_024M'),
  (651, '2', 1056, 'Т_нс21', 'ч', NULL, 'TSRV_024M'), (652, '2', 1058, 'Т_нс22', 'ч', NULL, 'TSRV_024M'), (653, '2', 1060, 'Т_нс23', 'ч', NULL, 'TSRV_024M'),
  (654, '2', 1062, 'Т_нс24', 'ч', NULL, 'TSRV_024M'), (655, '2', 1064, 'Т_нс25', 'ч', NULL, 'TSRV_024M'), (656, '2', 1066, 'Т_нс26', 'ч', NULL, 'TSRV_024M'),
  (657, '2', 1068, 'Т_нс27', 'ч', NULL, 'TSRV_024M'), (658, '2', 1070, 'Т_нс28', 'ч', NULL, 'TSRV_024M'), (659, '2', 1072, 'Т_нс29', 'ч', NULL, 'TSRV_024M'),
  (660, '2', 1074, 'Т_нс30', 'ч', NULL, 'TSRV_024M'), (661, '2', 1076, 'Т_нс31', 'ч', NULL, 'TSRV_024M'), (662, '2', 1078, 'Схема', '-', NULL, 'TSRV_024M'),
  (663, '2', 1080, 'Флаги_НС', '-', NULL, 'TSRV_024M'), (664, '2', 1084, 'W_тс', 'ГКал', NULL, 'TSRV_024M'),
  (665, '2', 1088, 'W_гв', 'ГКал', NULL, 'TSRV_024M'), (666, '2', 1092, 'M_тс', 'т', NULL, 'TSRV_024M'), (667, '2', 1096, 'W_тр1', 'ГКал', NULL, 'TSRV_024M'),
  (668, '2', 1100, 'W_тр2', 'ГКал', NULL, 'TSRV_024M'), (669, '2', 1104, 'W_тр3', 'ГКал', NULL, 'TSRV_024M'),
  (670, '2', 1108, 'W_тр4', 'ГКал', NULL, 'TSRV_024M'), (671, '2', 1112, 'M_тр1', 'т', NULL, 'TSRV_024M'), (672, '2', 1116, 'M_тр2', 'т', NULL, 'TSRV_024M'),
  (673, '2', 1120, 'M_тр3', 'т', NULL, 'TSRV_024M'), (674, '2', 1124, 'M_тр4', 'т', NULL, 'TSRV_024M'), (675, '2', 1128, 'V_тр1', 'м^3', NULL, 'TSRV_024M'),
  (676, '2', 1132, 'V_тр2', 'м^3', NULL, 'TSRV_024M'), (677, '2', 1136, 'V_тр3', 'м^3', NULL, 'TSRV_024M'), (678, '2', 1140, 'V_тр4', 'м^3', NULL, 'TSRV_024M'),
  (679, '2', 1144, 't_вз1', '^C', NULL, 'TSRV_024M'), (680, '2', 1146, 't_вз2', '^C', NULL, 'TSRV_024M'), (681, '2', 1148, 't_вз3', '^C', NULL, 'TSRV_024M'),
  (682, '2', 1150, 't_вз4', '^C', NULL, 'TSRV_024M'), (683, '2', 1152, 't_тр1', '^C', NULL, 'TSRV_024M'), (684, '2', 1154, 't_тр2', '^C', NULL, 'TSRV_024M'),
  (685, '2', 1156, 't_тр3', '^C', NULL, 'TSRV_024M'), (686, '2', 1158, 't_тр4', '^C', NULL, 'TSRV_024M'), (687, '2', 1160, 'P_тр1', 'МПа', NULL, 'TSRV_024M'),
  (688, '2', 1162, 'P_тр2', 'МПа', NULL, 'TSRV_024M'), (689, '2', 1164, 'P_тр3', 'МПа', NULL, 'TSRV_024M'), (690, '2', 1166, 'P_тр4', 'МПа', NULL, 'TSRV_024M'),
  (691, '2', 1168, 't_хв', '^C', NULL, 'TSRV_024M'), (692, '3', 1004, 'T_нар', 'ч', NULL, 'TSRV_024M'), (693, '3', 1006, 'T_пит', 'ч', NULL, 'TSRV_024M'),
  (694, '3', 1008, 'T_от', 'ч', NULL, 'TSRV_024M'), (695, '3', 1010, 'T_НС', 'ч', NULL, 'TSRV_024M'), (696, '3', 1012, 'T_реж', 'ч', NULL, 'TSRV_024M'),
  (697, '3', 1014, 'Т_нс0', 'ч', NULL, 'TSRV_024M'), (698, '3', 1016, 'Т_нс1', 'ч', NULL, 'TSRV_024M'), (699, '3', 1018, 'Т_нс2', 'ч', NULL, 'TSRV_024M'),
  (700, '3', 1020, 'Т_нс3', 'ч', NULL, 'TSRV_024M'), (701, '3', 1022, 'Т_нс4', 'ч', NULL, 'TSRV_024M'), (702, '3', 1024, 'Т_нс5', 'ч', NULL, 'TSRV_024M'),
  (703, '3', 1026, 'Т_нс6', 'ч', NULL, 'TSRV_024M'), (704, '3', 1028, 'Т_нс7', 'ч', NULL, 'TSRV_024M'), (705, '3', 1030, 'Т_нс8', 'ч', NULL, 'TSRV_024M'),
  (706, '3', 1032, 'Т_нс9', 'ч', NULL, 'TSRV_024M'), (707, '3', 1034, 'Т_нс10', 'ч', NULL, 'TSRV_024M'), (708, '3', 1036, 'Т_нс11', 'ч', NULL, 'TSRV_024M'),
  (709, '3', 1038, 'Т_нс12', 'ч', NULL, 'TSRV_024M'), (710, '3', 1040, 'Т_нс13', 'ч', NULL, 'TSRV_024M'), (711, '3', 1042, 'Т_нс14', 'ч', NULL, 'TSRV_024M'),
  (712, '3', 1044, 'Т_нс15', 'ч', NULL, 'TSRV_024M'), (713, '3', 1046, 'Т_нс16', 'ч', NULL, 'TSRV_024M'), (714, '3', 1048, 'Т_нс17', 'ч', NULL, 'TSRV_024M'),
  (715, '3', 1050, 'Т_нс18', 'ч', NULL, 'TSRV_024M'), (716, '3', 1052, 'Т_нс19', 'ч', NULL, 'TSRV_024M'), (717, '3', 1054, 'Т_нс20', 'ч', NULL, 'TSRV_024M'),
  (718, '3', 1056, 'Т_нс21', 'ч', NULL, 'TSRV_024M'), (719, '3', 1058, 'Т_нс22', 'ч', NULL, 'TSRV_024M'), (720, '3', 1060, 'Т_нс23', 'ч', NULL, 'TSRV_024M'),
  (721, '3', 1062, 'Т_нс24', 'ч', NULL, 'TSRV_024M'), (722, '3', 1064, 'Т_нс25', 'ч', NULL, 'TSRV_024M'), (723, '3', 1066, 'Т_нс26', 'ч', NULL, 'TSRV_024M'),
  (724, '3', 1068, 'Т_нс27', 'ч', NULL, 'TSRV_024M'), (725, '3', 1070, 'Т_нс28', 'ч', NULL, 'TSRV_024M'), (726, '3', 1072, 'Т_нс29', 'ч', NULL, 'TSRV_024M'),
  (727, '3', 1074, 'Т_нс30', 'ч', NULL, 'TSRV_024M'), (728, '3', 1076, 'Т_нс31', 'ч', NULL, 'TSRV_024M'), (729, '3', 1078, 'Схема', '-', NULL, 'TSRV_024M'),
  (730, '3', 1080, 'Флаги_НС', '-', NULL, 'TSRV_024M'), (731, '3', 1084, 'W_тс', 'ГКал', NULL, 'TSRV_024M'),
  (732, '3', 1088, 'W_гв', 'ГКал', NULL, 'TSRV_024M'), (733, '3', 1092, 'M_тс', 'т', NULL, 'TSRV_024M'), (734, '3', 1096, 'W_тр1', 'ГКал', NULL, 'TSRV_024M'),
  (735, '3', 1100, 'W_тр2', 'ГКал', NULL, 'TSRV_024M'), (736, '3', 1104, 'W_тр3', 'ГКал', NULL, 'TSRV_024M'),
  (737, '3', 1108, 'W_тр4', 'ГКал', NULL, 'TSRV_024M'), (738, '3', 1112, 'M_тр1', 'т', NULL, 'TSRV_024M'), (739, '3', 1116, 'M_тр2', 'т', NULL, 'TSRV_024M'),
  (740, '3', 1120, 'M_тр3', 'т', NULL, 'TSRV_024M'), (741, '3', 1124, 'M_тр4', 'т', NULL, 'TSRV_024M'), (742, '3', 1128, 'V_тр1', 'м^3', NULL, 'TSRV_024M'),
  (743, '3', 1132, 'V_тр2', 'м^3', NULL, 'TSRV_024M'), (744, '3', 1136, 'V_тр3', 'м^3', NULL, 'TSRV_024M'), (745, '3', 1140, 'V_тр4', 'м^3', NULL, 'TSRV_024M'),
  (746, '3', 1144, 't_вз1', '^C', NULL, 'TSRV_024M'), (747, '3', 1146, 't_вз2', '^C', NULL, 'TSRV_024M'), (748, '3', 1148, 't_вз3', '^C', NULL, 'TSRV_024M'),
  (749, '3', 1150, 't_вз4', '^C', NULL, 'TSRV_024M'), (750, '3', 1152, 't_тр1', '^C', NULL, 'TSRV_024M'), (751, '3', 1154, 't_тр2', '^C', NULL, 'TSRV_024M'),
  (752, '3', 1156, 't_тр3', '^C', NULL, 'TSRV_024M'), (753, '3', 1158, 't_тр4', '^C', NULL, 'TSRV_024M'), (754, '3', 1160, 'P_тр1', 'МПа', NULL, 'TSRV_024M'),
  (755, '3', 1162, 'P_тр2', 'МПа', NULL, 'TSRV_024M'), (756, '3', 1164, 'P_тр3', 'МПа', NULL, 'TSRV_024M'), (757, '3', 1166, 'P_тр4', 'МПа', NULL, 'TSRV_024M'),
  (758, '3', 1168, 't_хв', '^C', NULL, 'TSRV_024M'), (759, '0', 1004, 'W_итог', 'ГКал', NULL, 'TSRV_024M'), (760, '0', 1008, 'М_итог', 'т', NULL, 'TSRV_024M'),
  (761, '0', 1014, 't_нв', '^C', NULL, 'TSRV_024M'), (762, '0', 1016, 'W_ТС1', 'ГКал', NULL, 'TSRV_024M'), (763, '0', 1024, 'W_ТС2', 'ГКал', NULL, 'TSRV_024M'),
  (764, '0', 1032, 'W_ТС3', 'ГКал', NULL, 'TSRV_024M'), (765, '0', 1040, 'M_ТС1', 'т', NULL, 'TSRV_024M'), (766, '0', 1048, 'М_ТС2', 'т', NULL, 'TSRV_024M'),
  (767, '0', 1056, 'M_ТС3', 'т', NULL, 'TSRV_024M'), (768, '0', 1064, 'W_гвс_ТС1', 'ГКал', NULL, 'TSRV_024M'),
  (769, '0', 1072, 'W_гвс_ТС2', 'ГКал', NULL, 'TSRV_024M'), (770, '0', 1080, 'W_гвс_ТС3', 'ГКал', NULL, 'TSRV_024M');

CREATE TABLE actual_param_values (
  id_pd     INT(6) NOT NULL DEFAULT '1',
  par_value VARCHAR(16) NOT NULL DEFAULT '0',
  date_time DATETIME DEFAULT '0001-01-01 01:01:01',
  id_co     INT(10) NOT NULL DEFAULT '1',
  par_name  VARCHAR(16) DEFAULT NULL,
  par_dim   VARCHAR(8) NOT NULL DEFAULT '-',
  par_num   INT(4) NOT NULL DEFAULT '1',
  CONSTRAINT apv_co_fk FOREIGN KEY (id_co) REFERENCES control_objects (id),
  CONSTRAINT apv_pd_fk FOREIGN KEY (id_pd) REFERENCES param_descr (id)
);

INSERT INTO actual_param_values VALUES
  (510, '40.43', '2013-11-11 17:31:40', 1, 'T01', '^C', 156), (515, '36.12', '2013-11-11 17:31:40', 1, 'T02', '^C', 156),
  (520, '21.98', '2013-11-11 17:31:40', 1, 'T03', '^C', 156), (510, '42.07', '2013-11-11 17:32:12', 2, 'T01', '^C', 156),
  (515, '41.92', '2013-11-11 17:32:12', 2, 'T02', '^C', 156), (520, '15.99', '2013-11-11 17:32:12', 2, 'T03', '^C', 156),
  (510, '43.52', '2013-11-11 17:32:42', 3, 'T01', '^C', 156), (515, '38.60', '2013-11-11 17:32:42', 3, 'T02', '^C', 156),
  (520, '16.84', '2013-11-11 17:32:42', 3, 'T03', '^C', 156), (510, '43.78', '2013-11-05 17:45:05', 4, 'T01', '^C', 156),
  (515, '38.27', '2013-11-05 17:45:05', 4, 'T02', '^C', 156), (520, '44.97', '2013-11-05 17:45:05', 4, 'T03', '^C', 156),
  (525, '43.78', '2013-11-05 17:45:05', 4, 'T04', '^C', 156), (530, '15.30', '2013-11-05 17:45:05', 4, 'T05', '^C', 156),
  (535, '15.30', '2013-11-05 17:45:05', 4, 'T06', '^C', 156), (510, '42.95', '2013-11-11 17:33:38', 5, 'T01', '^C', 156),
  (515, '39.33', '2013-11-11 17:33:38', 5, 'T02', '^C', 156), (520, '26.21', '2013-11-11 17:33:38', 5, 'T03', '^C', 156),
  (510, '44.43', '2013-11-11 17:34:08', 6, 'T01', '^C', 156), (515, '34.99', '2013-11-11 17:34:08', 6, 'T02', '^C', 156),
  (520, '16.14', '2013-11-11 17:34:08', 6, 'T03', '^C', 156), (510, '66.88', '2013-11-11 17:34:40', 7, 'T01', '^C', 156),
  (515, '58.07', '2013-11-11 17:34:40', 7, 'T02', '^C', 156), (520, '56.09', '2013-11-11 17:34:40', 7, 'T03', '^C', 156),
  (525, '51.67', '2013-11-11 17:34:40', 7, 'T04', '^C', 156), (530, '16.71', '2013-11-11 17:34:40', 7, 'T05', '^C', 156),
  (535, '16.71', '2013-11-11 17:34:40', 7, 'T06', '^C', 156), (510, '74.76', '2013-10-29 14:42:31', 8, 'T01', '^C', 156),
  (515, '64.79', '2013-10-29 14:42:31', 8, 'T02', '^C', 156), (520, '74.79', '2013-10-29 14:42:31', 8, 'T03', '^C', 156),
  (525, '62.50', '2013-10-29 14:42:31', 8, 'T04', '^C', 156), (530, '73.04', '2013-10-29 14:42:31', 8, 'T05', '^C', 156),
  (535, '64.06', '2013-10-29 14:42:31', 8, 'T06', '^C', 156), (540, '73.04', '2013-10-29 14:42:31', 8, 'T07', '^C', 156),
  (545, '19.49', '2013-10-29 14:42:31', 8, 'T08', '^C', 156), (510, '42.23', '2013-11-07 10:01:20', 10, 'T01', '^C', 156),
  (515, '70', '2013-11-07 10:01:20', 10, 'T02', '^C', 156), (520, '5', '2013-11-07 10:01:20', 10, 'T03', '^C', 156),
  (510, '90', '2013-11-07 10:02:42', 12, 'T01', '^C', 156), (515, '70', '2013-11-07 10:02:42', 12, 'T02', '^C', 156),
  (520, '70', '2013-11-07 10:02:42', 12, 'T03', '^C', 156), (525, '50', '2013-11-07 10:02:42', 12, 'T04', '^C', 156),
  (530, '5', '2013-11-07 10:02:42', 12, 'T05', '^C', 156), (535, '5', '2013-11-07 10:02:42', 12, 'T06', '^C', 156),
  (510, '63.85', '2013-11-07 09:58:23', 14, 'T01', '^C', 156), (515, '52.89', '2013-11-07 09:58:23', 14, 'T02', '^C', 156),
  (520, '15.14', '2013-11-07 09:58:23', 14, 'T03', '^C', 156), (510, '41.87', '2013-11-07 09:47:52', 15, 'T01', '^C', 156),
  (515, '38.97', '2013-11-07 09:47:52', 15, 'T02', '^C', 156), (520, '5', '2013-11-07 09:47:52', 15, 'T03', '^C', 156),
  (510, '62.19', '2013-11-11 17:35:12', 16, 'T01', '^C', 156), (515, '48.70', '2013-11-11 17:35:12', 16, 'T02', '^C', 156),
  (520, '48.70', '2013-11-11 17:35:12', 16, 'T03', '^C', 156), (525, '15', '2013-11-11 17:35:12', 16, 'T04', '^C', 156),
  (510, '13.91', '2013-11-11 17:35:43', 17, 'T01', '^C', 156), (515, '13.51', '2013-11-11 17:35:43', 17, 'T02', '^C', 156),
  (520, '34.41', '2013-11-11 17:35:43', 17, 'T03', '^C', 156), (525, '17.70', '2013-11-11 17:35:43', 17, 'T04', '^C', 156),
  (510, '57.88', '2013-11-11 17:36:13', 18, 'T01', '^C', 156), (515, '47.22', '2013-11-11 17:36:13', 18, 'T02', '^C', 156),
  (520, '59.23', '2013-11-11 17:36:13', 18, 'T03', '^C', 156), (525, '52.56', '2013-11-11 17:36:13', 18, 'T04', '^C', 156),
  (530, '5', '2013-11-11 17:36:13', 18, 'T05', '^C', 156), (535, '5', '2013-11-11 17:36:13', 18, 'T06', '^C', 156),
  (510, '51.98', '2013-11-07 09:46:27', 19, 'T01', '^C', 156), (515, '42.23', '2013-11-07 09:46:27', 19, 'T02', '^C', 156),
  (520, '27.71', '2013-11-07 09:46:27', 19, 'T03', '^C', 156), (525, '17.71', '2013-11-07 09:46:27', 19, 'T04', '^C', 156),
  (510, '53.41', '2013-11-11 17:37:04', 20, 'T01', '^C', 156), (515, '45.65', '2013-11-11 17:37:04', 20, 'T02', '^C', 156),
  (520, '53.41', '2013-11-11 17:37:04', 20, 'T03', '^C', 156), (525, '48.58', '2013-11-11 17:37:04', 20, 'T04', '^C', 156),
  (530, '15.40', '2013-11-11 17:37:04', 20, 'T05', '^C', 156), (510, '90', '2013-11-11 17:37:35', 21, 'T01', '^C', 156),
  (515, '50.21', '2013-11-11 17:37:35', 21, 'T02', '^C', 156), (520, '71.36', '2013-11-11 17:37:35', 21, 'T03', '^C', 156),
  (525, '50.21', '2013-11-11 17:37:35', 21, 'T04', '^C', 156), (530, '14.65', '2013-11-11 17:37:35', 21, 'T05', '^C', 156),
  (510, '42.93', '2013-11-11 17:38:05', 22, 'T01', '^C', 156), (515, '39.80', '2013-11-11 17:38:05', 22, 'T02', '^C', 156),
  (520, '18.13', '2013-11-11 17:38:05', 22, 'T03', '^C', 156), (510, '42.65', '2013-11-11 17:38:36', 23, 'T01', '^C', 156),
  (515, '39.44', '2013-11-11 17:38:36', 23, 'T02', '^C', 156), (520, '42.65', '2013-11-11 17:38:36', 23, 'T03', '^C', 156),
  (525, '39.49', '2013-11-11 17:38:36', 23, 'T04', '^C', 156), (530, '16.46', '2013-11-11 17:38:36', 23, 'T05', '^C', 156),
  (510, '44.25', '2013-11-11 17:39:06', 24, 'T01', '^C', 156), (515, '41.53', '2013-11-11 17:39:06', 24, 'T02', '^C', 156),
  (520, '51.77', '2013-11-11 17:39:06', 24, 'T03', '^C', 156), (525, '45.88', '2013-11-11 17:39:06', 24, 'T04', '^C', 156),
  (530, '13.24', '2013-11-11 17:39:06', 24, 'T05', '^C', 156), (535, '13.24', '2013-11-11 17:39:06', 24, 'T06', '^C', 156),
  (510, '48.96', '2013-11-11 17:39:36', 25, 'T01', '^C', 156), (515, '41.19', '2013-11-11 17:39:36', 25, 'T02', '^C', 156),
  (520, '33.95', '2013-11-11 17:39:36', 25, 'T03', '^C', 156), (525, '16.92', '2013-11-11 17:39:36', 25, 'T04', '^C', 156),
  (510, '53.55', '2013-11-11 17:40:06', 26, 'T01', '^C', 156), (515, '46.63', '2013-11-11 17:40:06', 26, 'T02', '^C', 156),
  (520, '17.93', '2013-11-11 17:40:06', 26, 'T03', '^C', 156), (510, '53.55', '2013-11-11 17:40:37', 27, 'T01', '^C', 156),
  (515, '45.46', '2013-11-11 17:40:37', 27, 'T02', '^C', 156), (520, '55.63', '2013-11-11 17:40:37', 27, 'T03', '^C', 156),
  (525, '42.12', '2013-11-11 17:40:37', 27, 'T04', '^C', 156), (530, '58.72', '2013-11-11 17:40:37', 27, 'T05', '^C', 156),
  (535, '52.66', '2013-11-11 17:40:37', 27, 'T06', '^C', 156), (540, '21.12', '2013-11-11 17:40:37', 27, 'T07', '^C', 156),
  (510, '47.38', '2013-11-11 15:30:39', 33, 'T01', '^C', 156), (515, '43.01', '2013-11-11 15:30:39', 33, 'T02', '^C', 156),
  (520, '13.37', '2013-11-11 15:30:39', 33, 'T03', '^C', 156), (510, '71.78', '2013-11-11 15:31:10', 34, 'T01', '^C', 156),
  (515, '63.08', '2013-11-11 15:31:10', 34, 'T02', '^C', 156), (520, '47.47', '2013-11-11 15:31:10', 34, 'T03', '^C', 156),
  (525, '38.01', '2013-11-11 15:31:10', 34, 'T04', '^C', 156), (530, '13.06', '2013-11-11 15:31:10', 34, 'T05', '^C', 156),
  (535, '13.06', '2013-11-11 15:31:10', 34, 'T06', '^C', 156), (510, '66.79', '2013-11-11 15:31:57', 36, 'T01', '^C', 156),
  (515, '54.67', '2013-11-11 15:31:57', 36, 'T02', '^C', 156), (520, '12.28', '2013-11-11 15:31:57', 36, 'T03', '^C', 156),
  (510, '41.97', '2013-11-11 15:33:39', 38, 'T01', '^C', 156), (515, '38.81', '2013-11-11 15:33:39', 38, 'T02', '^C', 156),
  (520, '15.91', '2013-11-11 15:33:39', 38, 'T03', '^C', 156), (510, '45.60', '2013-11-11 15:34:09', 39, 'T01', '^C', 156),
  (515, '40.13', '2013-11-11 15:34:09', 39, 'T02', '^C', 156), (520, '12.83', '2013-11-11 15:34:09', 39, 'T03', '^C', 156),
  (510, '44.04', '2013-11-11 15:34:54', 43, 'T01', '^C', 156), (515, '38.27', '2013-11-11 15:34:54', 43, 'T02', '^C', 156),
  (520, '18.64', '2013-11-11 15:34:54', 43, 'T03', '^C', 156), (510, '46.79', '2013-11-11 15:35:42', 46, 'T01', '^C', 156),
  (515, '38.70', '2013-11-11 15:35:42', 46, 'T02', '^C', 156), (520, '14.11', '2013-11-11 15:35:42', 46, 'T03', '^C', 156),
  (510, '42.35', '2013-10-29 20:18:27', 48, 'T01', '^C', 156), (515, '39.03', '2013-10-29 20:18:27', 48, 'T02', '^C', 156),
  (520, '13.26', '2013-10-29 20:18:27', 48, 'T03', '^C', 156), (510, '44.30', '2013-11-07 10:00:00', 49, 'T01', '^C', 156),
  (515, '34.21', '2013-11-07 10:00:00', 49, 'T02', '^C', 156), (520, '21.57', '2013-11-07 10:00:00', 49, 'T03', '^C', 156),
  (510, '68.02', '2013-11-11 15:36:33', 60, 'T01', '^C', 156), (515, '60.64', '2013-11-11 15:36:33', 60, 'T02', '^C', 156),
  (520, '38.09', '2013-11-11 15:36:33', 60, 'T03', '^C', 156), (525, '39.44', '2013-11-11 15:36:33', 60, 'T04', '^C', 156),
  (530, '35.51', '2013-11-11 15:36:33', 60, 'T05', '^C', 156), (535, '38.09', '2013-11-11 15:36:33', 60, 'T06', '^C', 156),
  (510, '58.00', '2013-11-11 15:37:36', 63, 'T01', '^C', 156), (515, '45.13', '2013-11-11 15:37:36', 63, 'T02', '^C', 156),
  (520, '11.80', '2013-11-11 15:37:36', 63, 'T03', '^C', 156), (510, '50', '2013-11-11 15:38:05', 64, 'T01', '^C', 156),
  (515, '50', '2013-11-11 15:38:05', 64, 'T02', '^C', 156), (520, '5', '2013-11-11 15:38:05', 64, 'T03', '^C', 156),
  (510, '72.58', '2013-11-11 15:39:05', 66, 'T01', '^C', 156), (515, '57.67', '2013-11-11 15:39:05', 66, 'T02', '^C', 156),
  (520, '15.13', '2013-11-11 15:39:05', 66, 'T03', '^C', 156), (510, '32.13', '2013-11-11 15:39:34', 67, 'T01', '^C', 156),
  (515, '31.09', '2013-11-11 15:39:34', 67, 'T02', '^C', 156), (520, '28.48', '2013-11-11 15:39:34', 67, 'T03', '^C', 156),
  (525, '24.75', '2013-11-11 15:39:34', 67, 'T04', '^C', 156), (510, '43.83', '2013-11-11 15:41:16', 69, 'T01', '^C', 156),
  (515, '39.64', '2013-11-11 15:41:16', 69, 'T02', '^C', 156), (520, '12.90', '2013-11-11 15:41:16', 69, 'T03', '^C', 156),
  (510, '73.74', '2013-11-11 15:41:45', 70, 'T01', '^C', 156), (515, '67.43', '2013-11-11 15:41:45', 70, 'T02', '^C', 156),
  (520, '44.51', '2013-11-11 15:41:45', 70, 'T03', '^C', 156), (525, '36.56', '2013-11-11 15:41:45', 70, 'T04', '^C', 156),
  (530, '12.31', '2013-11-11 15:41:45', 70, 'T05', '^C', 156), (510, '44.26', '2013-11-11 15:42:16', 71, 'T01', '^C', 156),
  (515, '43.57', '2013-11-11 15:42:16', 71, 'T02', '^C', 156), (520, '37.24', '2013-11-11 15:42:16', 71, 'T03', '^C', 156),
  (525, '40.77', '2013-11-11 15:42:16', 71, 'T04', '^C', 156), (530, '12.12', '2013-11-11 15:42:16', 71, 'T05', '^C', 156),
  (510, '40.71', '2013-11-11 15:42:46', 72, 'T01', '^C', 156), (515, '33.83', '2013-11-11 15:42:46', 72, 'T02', '^C', 156),
  (520, '16.41', '2013-11-11 15:42:46', 72, 'T03', '^C', 156), (510, '61.59', '2013-10-31 21:29:09', 74, 'T01', '^C', 156),
  (515, '43.76', '2013-10-31 21:29:09', 74, 'T02', '^C', 156), (520, '21.50', '2013-10-31 21:29:09', 74, 'T03', '^C', 156),
  (510, '54.12', '2013-11-11 15:44:41', 78, 'T01', '^C', 156), (515, '45.34', '2013-11-11 15:44:41', 78, 'T02', '^C', 156),
  (520, '48.57', '2013-11-11 15:44:41', 78, 'T03', '^C', 156), (525, '24.77', '2013-11-11 15:44:41', 78, 'T04', '^C', 156),
  (510, '58.01', '2013-11-05 23:56:24', 79, 'T01', '^C', 156), (515, '48.62', '2013-11-05 23:56:24', 79, 'T02', '^C', 156),
  (520, '14.53', '2013-11-05 23:56:24', 79, 'T03', '^C', 156), (510, '45.47', '2013-11-06 00:26:05', 82, 'T01', '^C', 156),
  (515, '38.62', '2013-11-06 00:26:05', 82, 'T02', '^C', 156), (520, '27.99', '2013-11-06 00:26:05', 82, 'T03', '^C', 156),
  (510, '45.36', '2013-11-06 00:26:34', 83, 'T01', '^C', 156), (515, '40.46', '2013-11-06 00:26:34', 83, 'T02', '^C', 156),
  (520, '20.38', '2013-11-06 00:26:34', 83, 'T03', '^C', 156);

-- ALTER TABLE actual_param_values ADD FOREIGN KEY (id_co) REFERENCES control_objects(id) ;
-- ALTER TABLE actual_param_values SET REFERENTIAL_INTEGRITY FALSE;

-- ALTER USER SA SET PASSWORD 'admin'